-- --------------------------------------------------------
-- 호스트:                          127.0.0.1
-- 서버 버전:                        10.4.10-MariaDB - mariadb.org binary distribution
-- 서버 OS:                        Win64
-- HeidiSQL 버전:                  10.2.0.5599
-- --------------------------------------------------------

/*!40101 SET @OLD_CHARACTER_SET_CLIENT=@@CHARACTER_SET_CLIENT */;
/*!40101 SET NAMES utf8 */;
/*!50503 SET NAMES utf8mb4 */;
/*!40014 SET @OLD_FOREIGN_KEY_CHECKS=@@FOREIGN_KEY_CHECKS, FOREIGN_KEY_CHECKS=0 */;
/*!40101 SET @OLD_SQL_MODE=@@SQL_MODE, SQL_MODE='NO_AUTO_VALUE_ON_ZERO' */;


-- happytravel 데이터베이스 구조 내보내기
CREATE DATABASE IF NOT EXISTS `happytravel` /*!40100 DEFAULT CHARACTER SET utf8 COLLATE utf8_bin */;
USE `happytravel`;

-- 테이블 happytravel.inform 구조 내보내기
CREATE TABLE IF NOT EXISTS `inform` (
  `inform_num` int(20) NOT NULL AUTO_INCREMENT COMMENT '글 번호',
  `user_id` varchar(50) COLLATE utf8_bin NOT NULL COMMENT '유저 ID',
  `user_name` varchar(50) COLLATE utf8_bin NOT NULL COMMENT '유저 이름',
  `title` varchar(50) COLLATE utf8_bin NOT NULL COMMENT '게시판 타이틀',
  `contents` mediumtext COLLATE utf8_bin NOT NULL COMMENT '게시판 내용',
  `country` varchar(50) COLLATE utf8_bin NOT NULL COMMENT '국가이름',
  `hits` int(11) NOT NULL DEFAULT 0 COMMENT '조회수',
  `rating` int(1) NOT NULL DEFAULT 0 COMMENT '별점',
  `reg_date` datetime NOT NULL COMMENT '등록일',
  PRIMARY KEY (`inform_num`)
) ENGINE=InnoDB AUTO_INCREMENT=49 DEFAULT CHARSET=utf8 COLLATE=utf8_bin;

-- 테이블 데이터 happytravel.inform:~0 rows (대략적) 내보내기
DELETE FROM `inform`;
/*!40000 ALTER TABLE `inform` DISABLE KEYS */;
INSERT INTO `inform` (`inform_num`, `user_id`, `user_name`, `title`, `contents`, `country`, `hits`, `rating`, `reg_date`) VALUES
	(6, 'root', '관리자', '일본 - 정보', '일본국(日本国)은 동아시아의 동쪽 끝과 오세아니아의 북쪽[17]에 위치한 일본 열도를 통치하는 나라이다.\r<br>\r<br>일본 열도는 혼슈, 규슈, 시코쿠, 홋카이도 등 주요 네 섬과 부속 도서로 이루어져 있다. 공식 국호인 일본국[18]은 1945년 포츠담 선언에 서명한 이후 1947년에 시행된 일본국 헌법에 의해 성립되었다.\r<br>\r<br>일본은 정치적으로는 양원제 의원내각제인 입헌군주제를 채택하고 있다. 이에 일본국 헌법 제1조에 따라 \'일본국의 상징[19]\'이며 \'일본 국민 통합의 상징\'이자 동시에 국가원수[20]의 직무[21]를 맡는 천황(덴노)과, 국민의 선거를 통해 선출되며 참의원(상원), 중의원(하원)으로 구성되는 일본 국회가 병존한다. 정부의 수반은 국회의원 가운데에서 선출되는[22] 내각총리대신이 맡으며, 일본의 총리는 국가행정의 책임자로서 내각부를 구성[23]하고 중앙성청을 지휘한다. 현재의 천황은 나루히토, 국회의 집권여당은 자유민주당이며 내각총리대신은 아베 신조이다.\r<br>\r<br>대한민국에서 일본을 지칭할 때는 \'가깝고도 먼 나라\'라는 관용어를 즐겨 쓴다. 실제로 일본과 대한민국은 대한해협을 사이에 두고 매우 가까이 위치하고 있으며, 최단거리는 부산광역시 사하구[24]와 나가사키현 쓰시마시[25]를 잇는 선으로 불과 46킬로미터밖에 되지 않는다. 국제법상 가장 가까운 나라는 휴전선을 국경으로 맞댄 북한이지만, 북한은 대한민국 헌법상으로는 대한민국 영토에 해당하며 정부에서는 북한을 국가가 아닌 한반도 이북 영토를 불법 점거한 단체로 간주한다. 따라서 일본은 중국과 더불어 대한민국과 지리적, 문화적으로 가장 가까운 외국이라고 할 수 있다. 이러한 지리적인 이유로 삼국시대부터 한반도의 여러 국가와 밀접하게 교류하였으며, 20세기 초(1910.08.29~1945.08.15)에는 약 35년 간 한반도가 일본에게 지배당한 일제강점기도 존재했다.\r<br>\r<br>일본 열도는 남북으로 길이가 아주 긴 편으로, 본토로만 따지면 직선 거리 기준 서남단 규슈섬 가고시마현 이부스키(指宿)에서 북동단 홋카이도섬 네무로(根室)까지 1,900km인데, 이는 베이징에서 광저우까지의 거리와 비슷하다. 일본령 전체로 보면, 류큐 열도 최서단이자 일본 최서단인 요나구니(与那国)에서 일본 최동단인 미나미토리시마(南鳥島)까지의 직선거리는 더 길어 3,140km로 인천국제공항에서 사이판까지의 직선 거리와 맞먹는다[32].\r<br>\r<br>국토가 활처럼 길다랗게 생겼기 때문에 협소하다는 인상이 있지만, 사실 상당히 큰 면적을 가진 나라다. 일본 본토의 4개 섬과 오키나와섬의 면적을 합친 넓이가 37만 8,000km2로, 한반도와 그 부속도서의 1.7배다.[33] 4개 섬 가운데 혼슈 섬만 해도 남북한을 합친 한반도 전체보다 크며, 동시에 세계에서 7번째로 큰 섬[34]이다. 세부적으로 보면 제3의 섬인 규슈 섬은 경상도 지역과 비슷하고, 제4의 섬인 시코쿠 섬은 경상북도보다 조금 작고 강원도[35]보다 약간 크다. 또 북방에 있어서 무시되기 쉽지만, 홋카이도 섬 하나가 대한민국보다 약간 작은 정도다. 일본의 국토 면적은 G7의 일원인 영국(24만 3,000km2)과, 이탈리아(30만 1,000km2), 독일(35만 7,000km2)보다도 더 넓다. 다만, 일본 열도의 대부분은 화산암으로 이루어진 고산성 산지이며, 사람이 정주하기에 부적합한 환경이 많다는 특징이 있다.\r<br>\r<br>일본은 산지가 많아 지평선을 볼 수 있는 곳이 많지 않은데, 지평선을 볼 수 있는 가장 깊은 내륙은 군마현으로 도쿄 만으로부터 약 120km 떨어져 있다. 길쭉한 나라인만큼 기후분포는 다양하다. 다만 온도의 스펙트럼은 위도에 비해 이상하리만치 고도가 높아서 추운 개마고원이 있는 관계로 한반도와 비슷비슷한 편.[44]', 'Japan', 1, 3, '2019-12-04 04:26:52'),
	(7, 'root', '관리자', '한국 - 정보', '대한민국(大韓民國) 또는 한국(韓國)은 동북아시아의 한반도 남부에 위치한 민주공화국이다.\r<br>\r<br>대한민국 헌법상 대한민국의 영토는 한반도 전체와 그 부속 도서이지만 실효 지배하고 있는 지역은 휴전선 이남 지역이며 그 면적은 10만378㎢로 한반도 전체 면적의 44.9%에 해당한다. 인구는 2019년 조사 결과 5,184만2,636명으로 한반도 전체 인구의 66.8%를 차지한다. 따라서 대한민국은 휴전선 이북 지역을 차지한 북한보다 면적은 약간 작지만 인구는 2배 이상 더 많다고 볼 수 있다. \r<br>\r<br>일제강점기인 1919년 3·1 운동을 통해 독립선언을 하여 같은 해 상하이에서 대한민국 임시정부를 수립하였으며, 광복 이후 1948년에 남북분단으로 한반도 남부에서 대한민국 정부를 수립하였다. 이념 대립으로 갈라선 북한, 중국과 한국전쟁을 3년간 치렀으며, 휴전 뒤에는 전후 초토화 때문에 최빈국으로 전락하는 국난을 겪었다. 하지만 냉전 체제의 최전방이라는 지정학적 특성으로 인해 미국을 비롯한 자유사회의 상당한 지원을 받을 수 있었고, 중앙 정부 주도 하 수출과 제조업 집중 육성을 통해 세계 그 어디에서도 유례를 찾기 힘든 높은 성장률로 빠르게 빈국에서 탈출하였다. 2019 기준 GDP 세계 10위의 경제규모를 갖춘 대한민국은 OECD 출범 이후 원조를 받던 수혜국에서 원조를 주는 공여국으로 바뀐 나라이며[29], 민주화와 산업화를 동시에 이루고 경제 대국에 들어선 몇 안 되는 나라이기도 하다.', 'South Korea', 0, 5, '2019-12-04 04:27:40'),
	(8, 'root', '관리자', '중국 - 정보', '중화인민공화국 또는 중국은 아시아 동쪽에 위치한 국가이다. 수도는 베이징시이며, 일반적으로 동아시아의 국가로 간주되지만 영토가 매우 넓어 중앙아시아와 동남아시아까지도 영토가 걸쳐 있다. 국토 면적은 통계에 따라 다르나 세계 3-4위를 다투며[18], 마찬가지로 아메리카 대륙의 대국인 미국과 크기가 비슷하다. 유럽연합 전체 면적보다는 2배 이상 더 크다.# 또, 세계에서 가장 많은 14억여 명의 인구를 가졌고[19], 표준중국어를 주 언어로 사용하며 간자체 한자를 사용한다.\r<br>\r<br>경제면에서 PPP 경제력(구매력 기준 GDP)은 미국을 능가하였고(1위), GDP 경제력(명목 GDP)은 미국의 60%를 넘는(2위) 경제대국이다.네이버 GDP IMF 순위 , 다음 GDP IMF 순위.[20] 동시에 무역 규모에서는 세계 1위로 미국을 능가하였다. 외환보유고 1위의 국가이며# 금 보유고는 6위고 Officially reported holdings 이런 면모 때문에 중국은 하나의 국가를 넘어, 하나의 문화권 그 자체로 봐야 한다는 말도 있다.\r<br>\r<br>중국의 화폐인 위안화는 2015년부터 IMF 국제통화기금에 의해서 5번째 SDR(특별인출권)에 편입되었다. 일본 엔과 영국 파운드를 밀어내고 3번째 비율을 차지했다. Value definition 2016–2020, # 다만, 세계 무역 화폐 결제는 아직 달러, 유로, 엔이 95%의 비율로 사용되며, 이를 세계 3대 무역 통화로 분류한다. 따라서 특별인출권에 편입된지 얼마 안 된 위안이 세계 무역 결제에 사용되는 비중은 위 3개의 화폐단위에 비하면 미미하다.\r<br>\r<br>군사면에서는 병력수(모병제 상비군 200만액티브)로는 세계 최대 규모이며 국방비는 미국에 이은 세계 2위로 미국의 3분의 1 정도다. 영어 위키백과#(연합뉴스 기사에서도 2위라고 한다.#) GFP에서는 군사력 3위로 평가되고 있다.#\r<br>\r<br>UN 상임이사국 P5이자 핵무기 보유국이고# ICBM #, SLBM # 기술 모두 가지고 있다. 무기 수출은 3위를 하고 있다. #, # 우주 분야에서도 러시아, 미국 다음으로 유인우주선#, 우주도킹을 자력으로 할 수 있는 국가다.# 이런 강한 국력을 바탕으로 미국과 함께 G2(Group of 2)라고도 불린다. 브릭스(BRICs) 멤버이기도 하다.', 'China', 0, 4, '2019-12-04 04:28:12'),
	(9, 'root', '관리자', '미국 - 정보', '세계 최강의 군사력을 가지고 있다. 현 미국의 국방예산[26]은 나머지 국방예산 2위~15위 국가들의 모든 국방예산을 합한 예산과 비슷한 규모를 가지고 있다. 세계 국방비 순위 참고. # 병력 수로도 모병제이지만 상비군 130만 대군을 유지하고 있다. (2위) 액티브, 대한민국 국군에서 미국산 무기를 꽤 많이 수입해서 좀 친숙할 수도있는데 미국은 실제로 전 세계 무기수출 1위 국가다. 매일경제 , 경향신문\r<br>미국을 시스템으로 굴러가는 나라라고 표현하는데, 민주주의 종주국답게 독재자의 탄생을 막기 위해 권력을 상당히 찢어서 분산시켜놨다. 예를 들어 트럼프가 주한미군을 언제든 뺄 것처럼 하자 2018년 국방수권법이 통과되어 미국 의회의 동의 없이 22000명 이하로 감축할 수 없게 막아버렸다. 즉, 단순히 트럼프와 공화당이 우세하고 국민 여론이 우세하다고 해서 마음대로 할 수 있는게 아니란 것. 실제로 박정희 시절 카터 대통령은 주한미군 철수를 공약으로 내세우고 당선됐고 실제 강하게 추진했으나 미군 사령관 등의 반발로 인해 무산됐다. 일반적으로 국제정치학에서는 국경을 맞댄 국가를 잠재적 적국이라 하는데, 캐나다와 멕시코가 미국을 잠재적 적국으로 삼지 않고 있는 이유는 미국이 민주국가이기 때문이다. 물론 미국의 군사력을 전혀 감당할 수 없는 국가들이지만세상에 그런 나라는 여기 말고 없다, 미국은 뭐 하나 시행하려면 절차가 까다롭고 오래걸리는 민주주의 특성상 하물며 전쟁을 택하려면 확실한 국민여론과 확실한 명분과 법적절차와 의회의 승인을 받아야 하는 등 상당히 까다롭기에 타국가 입장에서는 오히려 안심할 수 있는 것이다. 먼저 미국을 건드리지 않는 이상, 미국이 침략할 걱정은 하지 않고 있는 것이다. 즉, 미국의 시스템 자체가 미군의 막강한 힘을 통제할 안전장치인 셈. 북한은 허접한 군사력을 가지고 있지만 지도자가 맘대로 할 수 있는 독재국가이기 때문에 한국인들이 불안해하는 것과 대조된다. 중국도 일당독재 국가라서 하루아침에 한국여행을 금지시켜버리거나 2013년판 중국 <국방백서>에서 핵 선제 불사용 정책을 뜬금없이 삭제했다가 주변국들의 눈치를 봐서 슬그머니 다시 복원시켜놓는 등 헌법이나 정책이 별로 의미가 없음을 알 수 있다. 심지어 \'시황제\' 시진핑은 지도자의 연임제한을 막는 조항을 100% 가까운 찬성을 받으며 멋대로 헌법개정해버렸다. 이에 비하면 미국은 아무리 패기넘치는 트럼프가 대통령이 되었다 한들, 헌법이나 정책을 함부로 뒤엎기가 힘들기 때문에 미국은 시스템으로 통제가 되며 굴러가는 국가임을 알 수 있다.\r<br>미국은 민주국가이지만 국제정치학의 민주주의 평화론에서 예외국가다. 민주주의 평화론이란게 민주국가들 사이에서는 전쟁이 일어나지 않는다는 것인데, 일단 전쟁 터지면 나와 내 가족이 죽을 수 있고 내 삶의 터전과 내가 쌓아온 것들이 물거품이 될 수 있기에 서민들은 가급적 전쟁을 피하려 하다보니 여론으로 운영되는 민주국가의 특성상 전쟁이 벌어지기 어렵다는 것이다. 하지만 미국은 본토의 안전이 보장된 패권국이기 때문에 미국의 유권자들은 독재자와 마찬가지의 선택이 가능한 조건을 가지고 있다. 한국전쟁도 정작 서민들만 죽어나갔지, 전범 김일성은 천수를 누리고 간 것처럼, 독재자들은 전쟁이 터져도 본인은 도망쳐서 안전을 보장받을 수 있기 때문에 지들이 총대 메고 전쟁터에 앞장서는게 아니니까 과감히 전쟁이란 선택지를 고를 수 있다. 헌데 미국의 유권자들도 별반 다르지 않다. 예를 들어 걸프전을 떠올려 봐도, 미국인들은 쇼파에 앉아서 CNN의 현장 중계를 마치 영화보듯 팝콘 먹으며 즐길 수 있었다. 북폭에 대해 한미 입장차가 있는 이유다. 다만 북한의 군인들 목숨 따윈 본인과 아무 상관도 없었던 김일성 등과 달리 미국이 전쟁을 벌였을 때 어쨌든 해외에서 싸우고 죽어나가는 것은 그 시민들의 친구 또는 가족일 수 있는 미국 군인이고, 전쟁 시에는 엄청난 돈을 써서 국가에 부채가 생기기 때문에 어쨌든 전쟁을 피하게 되긴 한다. 게다가 미국은 군인에 대한 존중도 높은 편이다.\r<br>패권국으로서 전세계에 영향력을 끼치기 위해 동맹을 등급별로 나누어 관리하고 있다. 닉슨은 미국의 국익을 3단계로 분류한다. 첫째는 미국의 생명과 생존에 영향을 주는 이익들인 ‘바이탈 인터레스트(vital interests)’인데, 유럽의 독일과 아시아의 일본이 포함돼 있다. 해석 그대로 사활적 이익이 걸려있는 지역으로서 예를 들어 일본을 잃으면 미국이 아시아에서의 영향력을 상실한다는 의미다. 둘째인 ‘크리티컬 인터레스트’는 어떤 동맹을 잃을 경우, 그것이 앞에서 언급한 ‘바이탈 인터레스트’ 중의 하나를 직접적으로 위협할 때다. 한국, 프랑스 등이 여기에 해당하는데 주한미군은 주일미군을 지키기 위해 있다는 말이 여기에서 파생됐다. 월남과는 달리 한국을 포기하지 않을 것이란 말이 나오는게, 한국이 날라가면 \'사활적 이익\'인 일본이 직접적으로 위협받기 때문이다. 이와는 별도로 5개의 눈이라 불리는 앵글로 색슨 \'혈맹\'이 존재하는데 가족과도 같은 개념인지라 국익에 따른 분류와는 좀 다르다. \'파이브 아이즈\'의 영국, 캐나다가 오히려 한국과 같은 \'크리티컬 인터레스트\'로 분류돼 있다.\r<br>프랑스, 영국와 함께 근대적 민주주의, 게다가 프랑스와는 근대적 공화정의 본좌라고 할 수 있는 나라이다. 다만 독립 당시의 아메리카는 유럽에 비해서 분명 깡촌이었기에 역사에 준 충격은 프랑스 혁명에 한 수 접어주는 느낌이 있다. 프랑스 계몽주의자들의 영향을 받았기 때문에, 두 나라가 쌍으로 민주주의혁명을 이루었다고 보는 것이 적절하다.', 'USA', 0, 4, '2019-12-04 04:29:20'),
	(10, 'root', '관리자', '콩고 - 정보', '아프리카 중서부에 위치하며 적도 상에 있는 나라, 콩고 민주 공화국과 구분하기 위하여 브라자빌콩고 또는 서콩고, 북콩고, 콩공이라고도 한다. 수도는 브라자빌(Brazzaville)이다. 참고로 콩고 민주 공화국의 수도 킨샤사와 콩고 강 하나를 두고 위치가 나누어져 있다.[1] 우리나라로 치면 서울 강남이 킨샤샤고 강북이 브라자빌인 것이다.[2] 두 콩고 모두 도시 국가가 아닌데도 각각의 수도를 국경 지대에 두고 있어 그 자체로 특이한데, 심지어 그 두 수도끼리도 서로 인접해 있으니 세계 다른 곳에서는 보기 힘든 굉장히 희귀한 케이스라 할 수 있겠다.\r<br>\r<br>정식 명칭은 콩고 공화국(Republic of the Congo)이며 콩고 민주 공화국과는 다르다. 콩고 민주 공화국과 마찬가지로 콩고라는 국명은 콩고강 유역에 사는 바콩고(Bakongo)라는 부족 이름에서 유래한 것이다. 콩고 민주 공화국은 한때 자이르라는 국호를 썼음에도 콩고 공화국보다 훨씬 크고 영향력 있는 나라이기 때문에 그냥 콩고라고 하면 콩고 민주 공화국을 뜻하는 경우가 많다.콩고 강은 대부분이 콩고 민주 공화국에서 흐르고, 구글에서도 콩고라고 검색하면 콩고 민주 공화국이 나온다. 이처럼 \'콩고\'라는 타이틀의 우선권이 콩고 민주 공화국에 있으므로, 콩고 공화국을 콩고라고 부르면 헷갈릴 수 있으니 가급적이면 콩고 공화국이라는 국호를 전부 써 주는 게 좋다. 영어권에서는 두 콩고를 구분할 때 수도 이름을 따서 콩고 공화국을 콩고-브라자빌(Congo-Brazzaville), 콩고 민주 공화국을 콩고-킨샤사(Congo-Kinshasa)라고 하기도 한다.', 'Congo', 0, 2, '2019-12-04 04:30:24'),
	(11, 'root', '관리자', '방글라데시 - 정보', '인도 동북 지역 벵골 만 연안에 자리잡은 국가이다. 수도는 다카(ঢাকা, Dhaka).\r<br>\r<br>지도를 얼핏 보면 거대한 인도 반도의 동쪽 겨드랑이에 위치했으므로, 방글라데시의 서쪽은 인도이고 동쪽은 인도차이나일 듯이 느껴지지만, 국경선의 95% 이상이 인도에 둘러싸여 있는 형국으로 미얀마와 접하는 국경은 매우 협소하다.\r<br>\r<br>방글라데시가 북쪽과 동쪽으로 접하는 인도는 오랫동안 사회주의 경제 정책을 유지해온 데다 인도 측 입장에서도 개발이 잘 안 되는 낙후 지역이기에 경제 교류 상 무의미하고, 남동쪽 끝에서 접하는 미얀마도 쇄국 정책이 길었기 때문에 방글라데시는 수십년간 인접국과의 교류가 무의미했다고 한다.\r<br>\r<br>사소하지만 우루과이와 유사한 점을 가지고 있다. 둘 다 거대한 나라(인도, 브라질)의 한 주 였다가 떨어져 나온 독립국이며 둘 다 그 나라의 끝자락(방글라데시는 동쪽, 우루과이는 남쪽)에 위치해 있다가 독립했다는 공통점이 있다.', 'Bangladesh', 0, 3, '2019-12-04 04:32:05'),
	(12, 'root', '관리자', '네팔 - 정보', '석가모니의 탄생지로 유명한 룸비니(लुम्बिनी)가 네팔 남부에 위치하고 있다. 그래서 네팔인들은 석가모니를 인도인이 아니라 네팔인이라 여긴다고 한다. 이걸 두고 항상 인도랑 티격태격한다. 예전에 네팔에서 석가모니가 인도인이라는 설정을 한 인도 영화가 개봉된 적이 있었는데, 다음날 바로 상영관을 내려버렸다. 그런데 전국민의 80%가 힌두교 신자이고, 불교 신자는 10% 정도. 무슬림도 소수 있다. 다만 원래 힌두교는 다신교로서 여러가지 신을 포괄한다. 석가모니도 힌두교에서 주로 모시는 신 중 하나이고, 심지어 특이한 경우 예수까지도 자신의 신으로써 모시는 힌두교 사원도 있다. 그래서 네팔은 종교를 강요하지 않으며 세속국가이다.\r<br>\r<br>여러 작은 부족국가들이 나뉘어져 인도나 티베트의 지배를 받으며 지내다가 1768년 12월 21일에 프리트비 나라얀의 주도 아래 통일 왕국이 되었다. 1814년 영국의 침략을 받았으나 구르카를 필두로 저항한 끝에 영국과 종전협정을 맺고, 영토 일부를 영국에게 할양한 대신 독립을 유지하게 된다. 하지만 인도와 밀접한 연관이 큰 라나(राणा, Rana) 가문이 1850년대부터 100여 년간 섭정직을 독차지하면서 카스트 제도를 들이는 통에 혼란만 더 일으켜왔다.\r<br>\r<br>1950년대에서야 비로소 구르카계 샤(शाह, Shah) 왕조가 절대 왕정을 이루지만, 그마저도 왕비 및 여러 기득권에 라나 집안 후손들이 자리를 차지해왔다. 그런 가운데 1972년에 즉위하여 1990년부터 입헌군주제를 시행한 비렌드라 국왕은 국민으로부터 존경받는 지위에 있었다. 반대로 왕비인 아이슈와랴는 라나 집안 사람이었고, 절대왕정 보수파를 대변하여 사람들에게 인기는 아주 최악이었다. 1998년 왕과 왕비 내외가 거리 탐방을 나갈 때조차 사람들은 왕비에게만 돌을 집중으로 던져, 왕비가 큼직한 돌에 이마를 맞고 피멍까지 들기도 했다. 그 정도로 네팔 민중들이나 진보파, 좌익으로부터는 공적 1호로 왕비가 모든 미움을 받아왔다.\r<br>\r<br>무엇보다 입헌군주제가 채택되었다 해도, 150년 가까이 네팔 기득권을 누려온 라나 집안 및 귀족들이 순순히 물러서지 않았기에 네팔 경제 다수 부는 소수층만 가져갔고, 결국 마오쩌둥주의자를 비롯한 저항세력까지 생겨났다. 하지만 인도가 절대적 영향을 누리는 네팔에서 중국이 마오쩌둥주의를 받드는 마오쩌둥주의자들을 이용해 배후조종한다고 비난하자, 중국은 이들을 견제하고 네팔군에 무기를 제공하면서 거리를 두려고 노력했다. 인도군이나 부탄군까지도 마오쩌둥주의자들을 견제하고 적으로 삼았기에 이들 세력은 극히 미미했다. 지금은 사라진 월간잡지 지오에서 90년대 후반, 네팔까지 가서 마오쩌둥주의자들 기지를 취재한 적이 있는데 이들은 몽둥이나 농기구와 화살까지 들고 훈련받으며, 실전에 쓰는 총기조차도 자기들이 만든 1발짜리 권총이 휴대무기일 정도로 최악이었다. 그런데, 겨우 몇 해 안 가 내셔널 지오그래픽에서 취재하러 올때는 차원이 달라졌는데, AK-47로 무장한 군인들 투성이에 로켓포, 수류탄같이 네팔 정부군급으로 무장이 달라졌다. 때문에 네팔 왕실은 중국이 지원한 것이라고 여겨서 중국이 이를 달래고자 중국 무기들까지 지원했었다... 그런데 막상 마오쩌둥주의자들이 합법적 정권을 열자 중국이 더 환영하는 걸 보면...\r<br>\r<br>그러나 2001년 6월 1일 갑자기 비렌드라 국왕의 장남인 디펜드라 왕세자가 왕궁 파티석상에 들이닥쳐 총기를 난사, 국왕과 왕비, 누이 등 왕족 9명을 살해하고, 본인도 자살을 기도하는 사건이 발생하였다. 디펜드라 왕세자는 혼수상태에서 3일 후 숨졌다. 그래서 이 3일간은 디펜드라가 왕위를 자동 승계하여 재위한 것으로 되어 있다. 공식적으로 이 사건은 왕세자가 결혼에 반대하는 국왕 부부에게 불만을 품고 저지른 소행으로 발표되었다. 왕세자는 파스후파티 라나 전 외무,재무장관의 딸 데브야니 라나와 결혼하고 싶어했는데 왕비가 라나는 인도계라고 반대했다는 것이다.[2] 일설에 따르면 왕비가 "왕세자께서 35세 이전에 결혼하면 요절할 것입니다"라는 점성사들의 말을 굳게 믿었다고 한다. 그러나 많은 사람들이 이 발표를 그대로 믿지 않으며, 피살된 비렌드라 국왕의 동생인 갸넨드라가 왕위 찬탈을 노리고 배후에 개입하였을 거라 의심하고 있다. 갸넨드라는 현장에 없었으며, 갸넨드라의 아내와 아들은 현장에 있었으나 모두 살아남았다. 또한 국왕과 왕세자 등 왕족 10명이 숨진 중대한 참사인데도, 속전속결로 장례가 치러진 점도 의심을 샀다. 왕정 폐지 후 네팔 정부는 이를 재수사하기로 했다. 디펜드라가 자살한 게 맞느냐는 의혹까지 있다.', 'Nepal', 1, 3, '2019-12-04 04:32:56'),
	(13, 'root', '관리자', '인도 - 정보', '남아시아의 국가. 힌디어 정식 명칭은 바라트 가느라지아(ISO: Bhārat Gaṇarājya) https://www.youtube.com/watch?v=mTCMRRotCA4\r<br>\r<br>인구면에서 중국과 굉장한 경쟁을 하고 있으며 산업이나 교육에 막대한 투자를 하여 성장의 발판을 마련하고 있다. 중국에 이어 세계에서 두번째로 인구가 많은 국가이기도 한데, 2023년 경에는 중국 인구를 추월할 것으로 예상된다. 그리고 자의 반 타의 반 제3세계의 대표 쯤의 위치라 국제기구에서의 발언권도 상당히 강한 나라이다.\r<br>\r<br>이 나라의 독립기념일은 8월 15일. 한국의 광복절과 의미도 같고 날짜도 같지만 연도(한국은 1945년, 인도는 1947년)와 요일(한국은 수요일, 인도는 금요일) 생겨난 계기는 다르다. 한국은 일본 제국(일제강점기)에서 해방되었지만, 인도는 영국의 지배에서 해방되었다.\r<br>\r<br>인도는 상당히 크고 다양한 나라다. 크고 다양한 나라하면 거론되는 대표적인 나라가 러시아, 인도네시아, 중국 등인데, 중국이야 소수민족이 56개, 인도네시아와 러시아도 200여개 민족/언어를 가지고 있는 곳이라고 하지만, 인도는 언어만 3,372개나 되는 상상이 안 가는 나라다. 게다가 인종도 우리가 흔히 생각하는 아리안계의 인도인만 있는 게 아니라, 흑인도 있고, 동북아인도 있다. 근데 이들이 미국처럼 근대에 이주해서 생긴 게 아니라 원주민이라는 게 더 놀라운 점. 종교도 전세계의 모든 종교가 다 있다고 해도 과언이 아니다. 그래서 인도인들은 "종교란 각자의 옷처럼 사람 수만큼 있어야 한다"고 말할 지경. 경제력도 말이 GDP 세계 7위 나라지, 인구는 중국을 추월할 기세며 남한 면적 33배에 달하는 넓은 나라다.(면적 7위) 현지 여행하면 이걸 뼈저리게 느낀다. 열차를 타고 가면 보름 이상을 가야 한다. 노후한 열차들이 많고 멈추면 한참을 있다가 가기도 한다. 보통 생각하는 인도인 이미지로 여기면 아주 반전인 곳도 많다.\r<br>\r<br>방금 언어만 3372개라고 했지만, 사실 최상위(연방급) 공용어가 힌디어이므로 힌디어만 배워도 인도 여행에 문제되지는 않는다.\r<br>\r<br>인도와 인도네시아는 전혀 다른 곳. 그런데 이름만 보면 인도의 부속국가로 착각하게 된다. 인도네시아라는 말이 인도의 섬들이라는 뜻이기 때문. 이게 다 제국주의 시대의 파편들이다.[8] 네덜란드는 인도네시아를 아예 동인도라고까지 불렀었다. 동인도회사란 이름이 여기서 나왔는데, 한편 또 서인도 제도는 쌩뚱 맞은 카리브해에 있다. 알다시피 콜럼버스가 아메리카 대륙을 처음 밟았을 때는 인도라고 착각했고, 원주민들도 인디언이라 불렀다. 그때부터 불린 서인도 제도 역시 식민지 시대의 잔재다. 유럽 기준으로 인도는 동쪽이고, 카리브해는 서쪽인 지라.\r<br>', 'India', 0, 3, '2019-12-04 04:33:40'),
	(14, 'root', '관리자', '파키스탄 - 정보', '남아시아의 인도의 서쪽에 위치한 국가. 1947년 8월 14일에 독립하였다. 수도는 \'이슬람의 도시\'라는 의미의 이슬라마바드. 하지만 상업, 문화의 중심지이자 최대 도시는 항구도시인 카라치다. 그 밖에 라호르, 라왈핀디 등이 주요 도시다. 인구는 약 1억 6천만~1억 9천만 명이었다가 2017년 인구조사에서 2억 770만 명을 돌파했다.# 인구 97% 이상이 무슬림으로 인도네시아 다음으로 세계에서 2번째로 무슬림이 많은 나라다. 아울러 전 세계에서 5번째로 인구가 많은 나라다. 공용어는 우르두어와 영어이며 우르두어는 특별히 국어로도 지정되어 있다. 다만 우르두어를 모어로 쓰는 사람의 비율(8%)은 아주 낮으며 펀자브어가 압도적으로 높은 비율(45%)을 차지한다.\r<br>\r<br>본래 영국 식민지 시절 오랜 기간 옆나라 인도와 함께 영국령 인도 제국의 일부로 있었으나, 인도와는 언어와 민족, 문화, 정서도 다른 소속감이 희박한 지역이었으며[3], 결정적으로 가장 중요한 종교가 달라서 결국 영국의 식민지배에서 독립 후 서로 별개의 독립국가로 분리독립되어 갈라졌다.\r<br>\r<br>썩 좋지 않은 상황에 있는 나라다. 1950년대 말 국가 예산의 65% 정도를 국방비로 몰빵한 덕택에 다른 나라들보다 문맹 퇴치, 전기 보급 등이 수십년 더 늦어졌다. 그나마 비옥한 펀자브 평야에서 나오는 풍부한 농산물과 외국에 나가있는 파키스탄 노동자들의 송금액이 크니까 망정이지 이 두 가지가 아니면 망해도 이상하지 않을 나라이다. 당장 미국 단체인 평화기금(Fund for Peace)에서 발표하는 실패국가지수로는 세계 14위에 랭크되어 위험국가에 포함되었다. 이 정도 순위면 부룬디, 예멘, 이라크, 시리아, 차드, 짐바브웨급 막장 상태에 해당한다. 이런 상황에도 대량의 핵무기를 가지고 있다보니 지역 강국에 분류된 전적도 있었다. 하지만 현재는 더이상 지역 강국으로 분류되지는 않는 듯.#', 'Pakistan', 0, 5, '2019-12-04 04:34:29'),
	(15, 'root', '관리자', '가나 - 정보', '서아프리카의 국가. 정식 명칭은 가나 공화국(Republic of Ghana). 수도는 아크라(Accra). 인구는 30,417,856명(2019년)이다. 코트디부아르, 부르키나파소, 토고와 인접하고 있다. 한가지 흥미로운 점은 이 나라의 인접국들은 상당수가 프랑스의 식민지배를 받아 불어권 국가들인데 비해 가나는 영어권 국가라는 것이다.[4][5] 그와 더불어 기독교도가 다수를 차지하고 있는데 인접국들이 무슬림들이 다수를 차지하는 것과는 대조적이다.\r<br>\r<br>세계의 여러 나라 이름을 한글로 적고 가나다순으로 나열하면 이 나라가 맨 앞이다. 1988년 서울 올림픽에서 이 나라가 그리스 다음으로 가장 먼저 입장한 것도 이 때문이다. 2018 평창 동계올림픽에 가나가 참가하게 되어 이 장면을 다시 볼 수 있게 되었다.[6] 쿨러닝 시즌 2.\r<br>\r<br>다른 아프리카 국가들과 마찬가지로 식민지와 군사독재정권 시절을 보냈으며, 1990년대에 민주화되었지만, 여전히 빈부격차에 시달리고 있다. 물론 소말리아나 중아공보단 당연히 나은 편이나, 부패정권, 빈부격차, 위생불결 등 여전히 문제는 많다. 특히 에이즈 감염률이 타 아프리카 평균 수준 이상인데, 문제는 해외에 있는 가나 사람들도 가나 사람들끼리 자주 어울리다 보니 높은 에이즈율을 보인다는 거다.\r<br>\r<br>빈부격차와 부패한 정권으로 인해 부유한 사람들이 서민들을 많이 착취하는 시스템이 있는 국가이다. 서민들도 뇌물을 주고 경찰을 매수하는 일이 잦고, 심지어는 경찰이 먼저 매수 요구를 할때도 많다. 부유한 사람들에 의한 빈곤한 사람들의 차별 괴롭힘이 많은 국가이기도 하다. 부유하다 해도 워낙 경제가 막장인 빈국이라 해외 개발도상국의 중산층도 못 된다. 또한 소말리아보단 낫지만 해적들이 판을 치기도 한다. 일본같은 경우에는 가나 출신 연예인이 집에 소 몇 마리가 있다며 자랑을 하기도 한다.[7]\r<br>\r<br>2014년에는 2014 브라질 월드컵을 응원하러 온 가나 관중 250여명이 무슨 이유 때문인지 브라질에 난민 신청을 해 버리는 사태도 발생했다.\r<br>\r<br>가나에서 해외 월드컵 티켓과 비행기표를 끊기만 해도 가나에서는 최상위 부유층이지만, 외국에 비해 빈곤하며, 설사 돈이 있어도 비자를 거부하는 국가가 많아서 외국에 나가기도 힘들다. 근데 그나마도 서아프리카 국가중에선 다른 주변국가에 비해 비교적 사정이 나은편이다 보니, 주변 국가에서 가나 여권을 위조해서 다른 국가로 밀입국하는 사람도 종종 있다고 한다.', 'Ghana', 0, 4, '2019-12-04 04:35:15'),
	(16, 'root', '관리자', '케냐 - 정보', '아프리카 동부에 위치하며 적도 상에 있는 국가. 정식국명은 \'케냐 공화국\'. \'케냐\'라는 국명은 케냐 내에서 최고봉이며, 아프리카에서 높은 봉인 케냐 산(Mlima Kenya)에서 따온것이다. 수도는 나이로비(Nairobi)로, 아프리카에서 가장 활발한 대도시로 알아준다. 전혀 모르고 가 본 외국인들이 깜짝 놀라기 일쑤. 현 대통령은 우후루 케냐타, 면적은 582,650 ㎢, 인구는 5,071만명(2018)\r<br>\r<br>언어로는 영어와 스와힐리어를 사용한다. 스와힐리어로 된 잠보 브와나라는 노래가 케냐를 상징하는 노래로 유명하다. 다만 국가는 아니다.\r<br>\r<br>엘리자베스 2세는 이 나라에서 왕이 되었다. 아버지인 조지 6세가 사망했을 때 케냐를 방문 중이었기 때문. 엘리자베스 2세가 묵었던 트리탑 호텔은 유명 관광지가 되었다.\r<br>\r<br>고대로부터 해안 지역에서 이슬람,인도 상인들과 상아와 노예무역을 했다. 내륙지방은 반투족, 마사이족 같은 호전적인 부족들이 주로 있었다. 이후 몸바사를 비롯한 해안 지방은 포르투갈이 잠시 지배했다가 오만 해상 제국의 산하로 들어갔고 이후 1895년 베를린 회의로 인해 영국의 보호령이 되었다. 이후 영국령 동아프리카로 전환되어 우간다, 위투(위투는 현재 케냐령)와 함께 식민지배를 받았으나 꾸준한 독립운동으로 1963년 12월 12일 영국에게서 독립했다.물론 식민지 시대 말기 독립운동 과정에서 영국도 식민지 독립운동가들을 학살하는 만행을 저질러 케냐가 영국 식민지에서 독립한 후 프랑스가 알제리 전쟁 와중에 알제리인들에게 벌인 학살을 영국이 비난하자 케냐에서는 알제리에 견줘 죽은 사람들 숫자가 적을 뿐이지 영국도 프랑스와 다를거 없는 학살자라고 비난했을 정도였다.[1]\r<br>\r<br>초대 대통령 조모 케냐타의 집권 하에서 안정과 지속적인 경제성장을 누렸다. 1978년 케냐타가 죽자 대니얼 아랍 모이가 대통령이 되었다. 그는 독재체제를 구축하고 부정부패와 인권탄압으로 국제사회에 악명을 쌓았다. 2002년 음와이 키바키가 새로운 대통령이 되면서 독재체제를 끝냈다.', 'Kenya', 0, 2, '2019-12-04 04:35:56'),
	(17, 'root', '관리자', '호주 - 정보', '정식 명칭은 오스트레일리아 연방(Commonwealth of Australia). Commonwealth에 대해서는 커먼웰스 참조.[5]\r<br>\r<br>이 국가의 영어 명칭 오스트레일리아(Australia)는 라틴어로 남쪽을 의미하는 \'australis\'에서 유래한 것이다. 이미 16세기부터 유럽에서는 남반구에 거대한 대륙이 있을 것이라는 가설이 있었고 이 대륙에 대해 테라 아우스트랄리스(Terra Australis)라는 라틴어 이름을 붙였는데 호주 대륙이 이 가설에서 주장하는 대륙의 조건에 부합하여 이 이름을 붙인 것이다. 미지의 남방대륙 문서를 참고할 것.\r<br>\r<br>본래 영국이 호주 대륙을 영토로 삼을 때에는 자국의 지역 이름인 웨일스에서 딴 뉴사우스웨일스라는 이름을 썼는데 좀 더 탐험을 해보니까 웨일스 따위(...)와는 비교도 안 되게 넓은 지역에 웨일스라는 이름을 붙이는 것은 어울리지 않다고 하여 새로운 이름을 고심하다가 결국 민간에서 쓰인 \'테라 아우스트랄리스\', \'오스트레일리아\'라는 이름을 공인했다.\r<br>\r<br>한국에서는 한자 약칭인 호주(濠洲)가 압도적으로 많이 쓰이는데 이것은 독일(도이칠란트)이나 스페인(에스파냐)과 마찬가지로 원래 이름이 원체 길어서 짧은 게 선호되기 때문이기도 하고, 아래 설명할 오스트리아와의 혼동 문제의 영향도 있다. 원래는 음역으로 오스트레일리아를 의미하는 호사태랄리아주(濠斯太剌利亞洲)[6]였으나 호주(濠洲)[7]로 짧아진 것.[8] 심지어 한국 주재 오스트레일리아 대사관도 스스로를 주한 호주 대사관이라 지칭한다. 이 나라 관광청에서 보내는 광고에도 당연히 \'호주\'라고 나온다. 호주라는 발음도 간단명료하고 좋은 편이라 거부감이 아예 없다.\r<br>\r<br>1980년대 한국 지도에는 오오스뜨랄리아(...)로 표기되어 있었다.[9]\r<br>\r<br>이름 탓에 유럽의 오스트리아와 헷갈릴 수 있다. 오스트리아는 독일어인 외스터라이히(Österreich)를 라틴어화한 것으로 \'동쪽의 나라\'라는 의미를 가진다. 오죽하면 이승만 대통령의 부인인 프란체스카 도너 리 (오스트리아 출신)는 호주댁이라 불렸으며, 6.25 전쟁당시 호주군을 포함한 연합군 전투기들을 보고 사람들은 "사위나라 구해주러 전투기 보내줬나 보다."라고 했다. 정작 진짜 장인나라인 오스트리아는 2차대전 후유증으로 미영불소 4개국에 점령돼 제 코가 석 자였기 때문에 군대를 파병하거나 하지는 않았다.[10] 또 서울시는 G20 때 호주 총리의 캐리커처 인형에 오스트리아 전통의상을 입히는 오류를 터트려 호주당국의 항의를 받았으며, 이는 곧 입국당시에 착용한 정장을 입은 상태로 수정되었다. 헷갈리는 건 방송사도 마찬가지다. 재밌게도 두 나라는 주한대사관이 공히 서울 종로에 위치한 교보빌딩에 위치하고 있는데, 호주 대사관이 19층, 오스트리아 대사관이 21층에 있다.\r<br>\r<br>오스트리아와 오스트레일리아의 혼동 문제는 외국에서도 자주 농담거리가 되는 듯하다. 한글 표기 뿐만 아니라 로마자 표기 역시 유사하기 때문이다.오스트리아의 수도 빈에서는 이런 티셔츠도 판다. "No Kangaroos in Austria (오스트리아에 캥거루 없습니다)" 물론 동물원에 따라 있을 수 도 있다.\r<br>\r<br>중화권에서는 광동어 발음에 맞춰서 오주(澳洲)라고 쓴다. 표준중국어 발음으로 아오저우, 광동어 발음으로 오짜우라고 한다.[11]', 'Australia', 0, 5, '2019-12-04 04:36:50'),
	(18, 'root', '관리자', '뉴질랜드 - 정보', '뉴질랜드의 질랜드(Zealand)는 네덜란드 남동부의 제일란트(Zeeland) 주의 이름에서 유래한 것으로, 네덜란드 인 항해가 아벨 타스만(Abel Tasman)[5]이 뉴질랜드를 처음 \'발견\'했을 때 새로운 제일란트라는 의미의 \'Nova Zeelandia(Nieuw Zeeland)\'라 명명한 것에서 유래한다. 대부분의 유럽 언어에서는 이 나라를 칭할 때 New를 의미하는 자국어와 Zealand의 자국식 철자 변형을 합쳐 부른다.\r<br>\r<br>마오리어로는 뉴질랜드를 아오테아로아(Aotearoa, 길고 하얀 구름의 땅)라고 한다. 마오리족의 시조 정도가 되는 하와이키의 대족장인 쿠페(Kupe)가 배를 타고 낚시를 하던 도중 일련의 사건으로 인해 우연히 뉴질랜드를 발견했는데, 쿠페의 아내는 뉴질랜드 남섬 특유의 만년설을 멀리서 보고 "저기는 섬이 아니라 긴 흰구름이에요."라고 말하며 상륙을 말렸다. 하지만 쿠페는 그곳으로 가 보았고, 이렇게 해서 뉴질랜드를 발견했다고 전해지며, 이 아내의 말에서 아오테아로아가 유래했다. 북섬은 테 이카-아-마우이(Te Ika-a-Māui, 마우이의 물고기)라 한다. 마우이가 건져 올린 거대한 물고기가 북섬이 되었다는 마오리인의 신화에 따른 것이다. 남섬은 테 와이-포우나무(Te Wai-pounamu, 녹옥의 장소)나, 테 와카 마우이(Te Waka a Māui, 마우이의 배)라고 한다.\r<br>\r<br>한자 표기는 신서란(新西蘭). 신(新)은 New의 훈차이고, 서란은 Zealand의 음차다. 중국어로도 저 한자 표기가 쓰이고 있다. 발음은 "씬씨란". 그러나 한국에서는 오스트레일리아(호주)와 달리 한자 표기는 거의 쓰이지 않는다. 왜냐하면 \'신(新)\'은 국가명보다는 새로운 것을 지칭할 때 주로 쓰이고, \'서(西)\'는 서양권 국가들을 의미하는 것으로 혼동될 수 있으며, 설상가상으로 \'란(蘭)\'은 네덜란드를 의미하는 한자이기 때문이다. 즉 글자 세개가 모두 다른 의미로 선점되어 있기 때문에 한자 표기를 쓰면 헷갈리기 쉽다.', 'New Zealand', 1, 2, '2019-12-04 04:45:19'),
	(19, 'root', '관리자', '수단 - 정보', '아프리카 대륙에서 세번째로 넓은 나라이자, 세계에서 16번째로 넓은 나라.[2] \'수단\' 이란 아랍어로 흑인의 땅(بلاد السودان, bilād as-sūdān)이라는 의미다. 수도는 하르툼(Khartoum, الخرطوم‎). 정식 국명은 \'수단 공화국\' 이며 남쪽에 접한 남수단 때문에 북수단으로 불리기도 하는데, 올바른 이름은 아니다. 수단과 남수단은 분단된 것이 아니라 남수단이 따로 독립해나간 것이고 양측 모두 통일을 하겠다는 의사가 전혀 없으므로, 현재 한국이나 과거 독일 등과는 경우가 다르기 때문. 국토면적은 188만 6,068㎢. 인구는 42,028,655명. 공용어는 아랍어와 영어를 지정해서 쓰고 있다.\r<br>\r<br>국제 테러조직인 알 카에다의 본거지 중 하나를 제공했다는 점, 기독교를 믿는 흑인 주민들에 대한 무차별 학살과 내전(대표적으로 다르푸르 학살), 1989년 쿠데타로 집권 후 30년 동안 독재를 한 오마르 알 바시르(عمر البشير) 대통령[3] 등으로 인해 안 좋은 쪽으로 명성이 높은 나라. 실제로 1991년 고국 사우디아라비아에서 추방당한 오사마 빈 라덴은 5년이나 수단에 거주하기도 했다(이후 아프가니스탄으로 넘어가긴 했다.). 다만 한국에서는 현재의 남수단 지역에서 활동한 이태석 신부의 활동으로 이미지가 조금 있긴 하다.\r<br>\r<br>북쪽에는 이집트와 리비아, 서쪽은 차드, 동쪽은 에리트레아와 에티오피아, 남쪽은 중앙아프리카공화국과 남수단 공화국과 접경해 있다. 동북쪽의 일부 지역만 홍해에 접경해 있으며, 홍해 건너편에는 사우디아라비아가 있다.\r<br>\r<br>나라를 관통해서 나일 강이 흐르며 수도 하르툼에서 남수단을 지나는 백나일 강과 에티오피아를 지나는 청나일 강이 하나로 합쳐진다. 누비아 사막(사하라 사막 동단)의 건조하고 황량한 땅에 주로 이슬람을 믿는 아랍계 주민들이 거주한다.', 'Sudan', 1, 4, '2019-12-04 04:46:03'),
	(20, 'root', '관리자', '터키 - 정보', '터키는 영어식 명칭이고, 현지에서는 터키를 튀르크(Türk = 터키) 또는 튀르키예(Türkiye 터키인들의 땅 = Türk 터키인 + yer 땅), 터키인은 튀르클레르(Türkler =터키인들), 터키어는 튀르크체(Türkçe=터키어)라 한다. 터키에서 수출용으로 제조하는 모든 상품에는 Made in Türkiye 라고 쓰여있다. Made in Turkey가 아니라. 현지 발음을 중시하는 북한에서도 터키는 뛰르끼예라고 부른다.\r<br>\r<br>튀르크 또는 터키라는 국명은 민족명이기도 하고 이는 본래 \'용감한\'이란 뜻의 \'튀르크\'에서 나왔다. 튀르크는 오스만 제국 시절에는 하층민을 주로 일컫는 말이었지만, 튀르크는 돌궐 시절부터 터키 민족을 일컫는 고유어 표현이기도 했다. Turk를 튀르크라고 부르는 국가는 터키이며 중앙아시아의 Turk 현지 발음은 투르크에 가깝다. 투르키스탄이라는 말도 투르크인의 땅이라는 뜻이다. 일본의 경우는 투르크에서 유래되긴 했지만 "도루코"라고 부른다(...) 한국의 칼 브랜드인 그 도루코 맞다.\r<br>\r<br>터키라는 영어식 이름은 \'튀르크인의 땅\'이라는 뜻의 라틴어 Turchia(투르키아)에서 비롯된 중세 프랑스어 Turquie(튀르키)를 받아들여 형성된 것이다. 이 튀르키라는 말이 영어로 들어온 후 철자를 영어식인 Turkey로 고첬고, 발음 변화를 거쳐 \'터키\'라는 말이 되었다. 한국을 포함해서 여러 나라에서 터키라고 부르지만 터키 사람들은 이 명칭을 별로 좋아하지 않는다. 터키인들도 영어로 Turkey가 칠면조라는 뜻임을 아주 잘 알고 있고, 또한 영어에서 turkey는 \'겁쟁이\'라는 뜻으로 쓰이기도 하기 때문일 것이다. 터키의 유래가 된 튀르크가 용감하다는 뜻이므로 정반대가 되었다.', 'Turkey', 0, 4, '2019-12-04 04:46:46'),
	(21, 'root', '관리자', '멕시코 - 정보', '한국어 표기인 \'멕시코\'는 영어 발음에 근거한 것이며 스페인어 México의 발음은 메히코(/ˈme.xi.ko/). 전체 이름인 Estados Unidos Mexicanos(멕시코 합중국)는 에스타도스 우니도스 메히카노스. 영어로는 미국의 경우와는 달리 United Mexican States라고 표기한다. 현대 스페인어에서 x는 기본적으로 영어와 같이 /ks/의 음가를 가지고 있지만, 중세 시대에는 영어 sh처럼 /ʃ/로 발음되었다. 스페인인들이 멕시코에 처음 도착했을 땐 그 당시 발음에 따라 나와틀어의 /ʃ/ 발음을 x로 표기했고, 나와틀어 메시코(/meːˈʃiʔko/)는 "Mexico"로 표기하게 된 것이다.\r<br>\r<br>México의 어원이 되는 말은 나와틀어 Mexicatl인데, 그 의미는 불분명하지만 학자들은 위칠로포치틀리(Huitzilopochtli, 아즈텍 신화의 태양신·군신·수렵신)로 보고 있다. 아즈텍 신화에서는 위칠로포치틀리의 신탁에 따라 아즈텍 제국의 수도를 테노치티틀란에 두었다고 하는데, 이 신화에 따라 아예 장소를 의미하는 \'o\'라는 접두어가 붙어 Mēxihco(현대에 쓰이는 나와틀어 표기법 기준)가 테노치티틀란 인근 지역을 일컫는 말이 되었다. 이 도시가 스페인의 지배 이후에는 시우다드 데 메히코(멕시코 시티)가 되었고[5] 독립운동 당시에는 아즈텍 제국에서 자신들의 정통성을 찾았기에 아스텍 신화의 신과 관련된 이름이 붙은 시우다드 데 메히코(멕시코 시티)에서 자신들의 국명을 따온 것이다. 그러니까 멕시코라는 국명은 멕시코 시티에서 유래한 것이지 그 반대가 아니다.\r<br>\r<br>이후 x의 발음은 멕시코가 스페인의 식민지였던 시기에는 j와 똑같이 거센 히읗발음 (/x/)으로 변했다. 대표적인 예가 바로 Don Quixote로 표기되는 돈 키호테. 이후 스페인에서는 철자를 개혁하면서 j의 음가를 가진 x를 j로 바꾸었지만 이미 독립한 상태였던 멕시코는 바꾸지 않고 그대로 철자 x를 유지하였다. 비슷한 예로 텍사스(Texas)는 스페인어권에서는 \'떼하스\'라고 발음한다. 바뀐 오늘날의 스페인 본토 스페인어 철자법에 근거하면 Méjico라고 할 수 있고, 스페인 본토나 멕시코 바깥의 스페인어권에서도 이 표기가 자주 보이긴 하지만, 멕시코는 오늘날에도 옛 철자법 표기인 México를 유지하고 타국에도 이렇게 표기하도록 요구하고 있다. 북한에서는 멕시코를 스페인어 발음 그대로 \'메히꼬\'라고 한다.\r<br>\r<br>멕시코의 정식 국명은 Estados Unidos Mexicanos인데 이는 멕시코 합중국이라는 뜻이다. 이는 바로 위에 있던 미합중국의 영향을 받은 국명이다. 그러나 정작 멕시코에서 단순히 Estados Unidos라고 하면 미국을 뜻하지, 자국을 의미하는 게 아니다.(...) 그래서 정식 국명도 그냥 멕시코로 바꿔버리자는 여론이 좀 있다.', 'Mexico', 0, 3, '2019-12-04 04:47:39'),
	(22, 'root', '관리자', '브라질 - 정보', '브라질이라는 이름의 유래는 아직 불분명하다. 국명의 유래로는 브라질 나무(파우 브라질)가 제일 유력하다. 이 나무는 15~16세기만 해도 아시아 일부 지역에서만 발견되어 왔으며 고급 옷감을 붉게 염색하는 재료로 쓰이기 때문에 이를 가공하여 가루를 만들어서 유럽으로 수출되곤 했다. 그러나 이후 신대륙 탐사를 나선 탐험가들에 의해 아마존 밀림지대에서 이 나무가 무진장 많이 자라고 있는 것이 발견되었으며 유럽인들은 이 때서야 이 나무의 실제 모습을 보고 \'붉은 나무\'라는 뜻이 되는 pau-brasil이라는 이름을 붙이게 되었다.\r<br>\r<br>포르투갈어에서 브라질의 표기는 Brasil. 그러나 대외적으로는 Brazil이라는 표기가 널리 알려져 있는데 이는 1911년 포르투갈어 정서법 개정 이전 표기가 Brazil이었기 때문이다. 영어 표기가 아직 Brazil을 사용하면서 널리 알려진 것이다.\r<br>\r<br>한국의 포르투갈어 외래어 표기법으로는 \'브라질\'로 표기되고 외교부 등도 이 표기를 쓴다. 주한 브라질 대사관 표기 대한민국 외교부 국가 지역/정보 이는 유럽 포르투갈어 기준이고, 브라질 포르투갈어에 대해서는 따로 원칙이 붙어있는데 이를 따르면 브라지우로 표기된다. 브라질 포어에서는 음절 끝의 l이 모음화되기 때문인데 실제로 브라질 포르투갈어에서의 발음은 \'브라지우(bɾaˈziw)\'에 가깝다.', 'Brazil', 0, 2, '2019-12-04 04:48:19'),
	(23, 'root', '관리자', '영국 - 정보', '그레이트 브리튼 및 북아일랜드 연합왕국 또는 영국은 서유럽의 북해의 서쪽에 위치한 입헌군주제 국가이다.\r<br>\r<br>수도는 런던이며 영어로는 흔히 United Kingdom, UK,[18] Britain[19]으로 줄여 부른다. 올림픽 등의 스포츠에서는 다소 부정확하지만 관행상 Great Britain[20]이라고 부른다.\r<br>\r<br>한때는 해가 지지 않는 나라라는 별명이 있었다. 19세기~20세기에 대영제국의 영토가 절정에 달했을 때[21] 언제나 제국의 어딘가는 낮이었기 때문이다.[22] 아직도 해외 영토들이 남아있기 때문에 해가 지지 않는 국가는 맞다.\r<br>\r<br>아일랜드 해를 사이에 두고 아일랜드와 근접해 있고 도버 해협을 사이에 두고서는 프랑스의 칼레와 마주보고 있다. 영국 본토인 그레이트 브리튼 섬과 아일랜드 섬 동북부에 걸쳐 있고 면적은 243,610 km²다.\r<br>\r<br>크게 영국 본토인 잉글랜드, 스코틀랜드, 웨일즈와 바다 건너 아일랜드 섬의 북아일랜드 네 지역으로 나누어진다. 이외에도 영국 왕실 영지인 맨 섬, 저지 섬, 건지 섬이 존재하고 지중해, 카리브 해와 아프리카 지역에 몇몇 해외 영토를 가지고 있다.[23]\r<br>\r<br>현재의 네 개의 독립적인 지역이 연합한 영국이라는 국가는 생긴지 얼마 되지 않았다. 현재 영토가 확정된 것은 1922년으로 아일랜드 자유국이 생겨난 후다. 뒤이어 식민지들의 독립으로 대영제국이 해체되고 지금의 영국이 탄생하게 된 것이다.\r<br>\r<br>경제적으로 GDP 5위[24][25], PPP 9위, 특별인출권 영국 파운드 (비율 5위), IMF 투표권 6위[26], 1인당 GDP 21위이다.\r<br>\r<br>군사적으로 GFP 평가 6위, 국방비는 2016년 기준 3위[27], 핵무기 ICBM 기술 SLBM 보유국이다.[28][29]', 'United Kingdom', 0, 4, '2019-12-04 04:48:55'),
	(24, 'root', '관리자', '프랑스 - 정보', '프랑스 공화국 또는 프랑스는 대서양과 지중해에 맞닿은 유럽의 본토와 대양에 산재한 여러 해외 영토로 구성된 국가이다.\r<br>영국, 독일, 러시아와 함께 유럽의 대표적인 강대국 중 하나며, 유럽에서 제3위에 들어가는 등 순위권에 들어가는 경제 강국이다. 경제 순위는 영국과 매년 엎치락 뒤치락 한다. GDP로만 본다면 프랑스가 우세했으나 2017년부터 영국의 GDP가 프랑스를 추월했다. 비옥하고 광활한 영토에서 비롯된 생산력과 인구를 바탕으로 프랑크 왕국 때는 동로마 제국과 더불어 유럽의 패권을 다투었고 분열 이후 프랑스 왕국 시절에는 신성 로마 제국과 더불어 서유럽의 패권을 다투었고, 영국이 18세기부터 대두한 후에는 영국과 세계 각지에서 겨루며 패권을 다투었다. 상당히 단순하게 이야기한 것이긴 하지만 역사적으로 그만큼 강력했던 것은 맞다고 할 수 있다.[8]\r<br>\r<br>유럽, 대서양, 북해, 지중해의 중심에 있고, 인접한 주변 국가들이 영국, 독일, 이탈리아, 스페인, 벨기에, 스위스 등 유럽의 네임드 국가들이 많다 보니 다양한 문화를 받아들이고 전파했기 때문에 문화적 영향력이 크다. 프랑스가 제국주의 정책을 취했던 19세기에는 프랑스 문화가 전세계로 뻗어나갔기 때문에 20세기 이전 세계 문화와 예술의 중심지라 할 수 있었다. 그리고 영국, 미국과 함께 시민 혁명의 발상지이자 근대 민주주의의 발상지로도 유명하다.\r<br>\r<br>고대부터 자리잡고 있던 갈리아족(켈트족), 카이사르를 필두로 하여 로마 제국에서 올라온 라틴족, 나중에 대규모로 이주해 온 게르만족이 섞여서 이뤄졌으며, 외부에서 침입한 바이킹 지파인 노르만족도 노르망디에 정착하면서 모국어를 잃어버리고 프랑스인이 되었다. 이후에도 여러 이민족들이 계속 영역으로 들어왔고, 19세기부터는 서유럽, 동유럽, 중동, 아프리카, 남아시아, 동남아시아로부터 이민도 엄청나게 받았기 때문에 다민족 국가다.[9] 과거에도 이민을 오거나 가기도 했지만 대부분 세계 대전이 모두 끝나고 이민을 적극적으로 받았을 시기에 온 것이다.\r<br>\r<br>UN 상임이사국이고 북대서양 조약기구(NATO)와 유럽연합(EU)의 회원국이다. 국제통화기금 투표권은 세계 5위, 금보유고는 세계 4위다. 국방비는 세계 6위[10], 무기 수출은 세계 4위고 핵무기[11], 대륙간 탄도 미사일[12], 잠수함 발사 탄도미사일[13] 기술 보유국이다. 무기 수출에 있어서도 4위를 하고 있다[14][15]', 'France', 0, 5, '2019-12-04 04:49:26'),
	(25, 'root', '관리자', '독일 - 정보', '도이칠란트 연방공화국 또는 독일은 중부유럽에 위치한 국가이자 서유럽에 포함되기도 하는 국가다.\r<br>\r<br>시계 방향으로 북쪽에 덴마크, 동쪽에 폴란드, 체코, 남동쪽에 오스트리아[8], 남서쪽에 스위스, 프랑스, 서쪽, 북서쪽에 룩셈부르크, 벨기에, 네덜란드와 국경을 맞댄다. 그야말로 유럽의 중앙부에 위치해 있다. 수도는 베를린.\r<br>\r<br>유럽 최고의 경제대국으로, 프랑스와 함께 현 유럽연합 체제를 이끄는 국가[9]다. 그리고 EU의 경제를 책임지는 유로존 최대의 물주이기도 하다.\r<br>\r<br>독일에는 여러 운하가 있는데 그 중에서 독일 북부에 있는 킬(Kiel) 운하는 지금까지도 잘 쓰이고 있다. 하지만 강 사이 사이를 연결한 마인 도나우 운하는 환경 파괴의 요소가 많기 때문에 비판과 조롱의 대상이 되고 있고, 카를스루에 대학 베른하르트 교수가 4대강 사업에 대해 비판하며 마인-도나우 운하를 예시로 든 적이 있다. 다만 킬 운하로 와전되는 경우도 종종 있는 듯하다.\r<br>\r<br>경제적으로는 GDP 4위[10][11], PPP 5위, 특별인출권 유로화, 1인당 GDP 18위, 국제통화기금 투표권 4위[12], 금 보유고 2위[13], 무역량 총합 3위 # , AIIB 지분율 4위이다.[14] 국방 분야에서는 국방비 세계 9위, 군사무기 수출은 세계 5위를 하고 있다.', 'Germany', 0, 3, '2019-12-04 04:49:56'),
	(26, 'root', '관리자', '스페인 - 정보', '남유럽의 이베리아 반도와 북아프리카에[3] 위치한 국가로 한때 무적함대로 대표되는 강력한 해양 국가이자 대영제국 이전의 해가 지지 않는 나라로까지 여겨졌다. 북쪽으로는 프랑스와 안도라, 서쪽으로는 포르투갈, 남쪽으로는 모로코와 지브롤터와 인접하고 있다. 수도는 마드리드(Madrid). 마드리드의 인구는 2018년 기준으로 6,497,000명이다. 국토 면적은 505,990㎢, 인구는 2018년 기준으로 46,397,000명이다.\r<br>\r<br>근대 이후에는 프랑스, 독일, 이탈리아에 비해서는 인구가 많은 편이 아니었지만 상당한 인구를 보유하고 있었다. 북아메리카, 중앙아메리카, 브라질을 뺀 남아메리카와 카리브 해 일대의 여러 섬, 필리핀, 괌, 북마리아나 제도 등을 식민지로 삼으면서 많은 인구가 라틴아메리카 일대와 미국, 필리핀 등지로 빠져나갔다. 그나마 인구 유출이 광범위하게 벌어진 것에 비해서는 현재는 인구가 많은 편으로 출산율은 1970년대까지도 높아서 인구가 크게 늘어나기도 했고 1980년대 이후로 출산율이 급감했지만 당시 산업 구조적으로 상태가 좋지 않던 라틴아메리카와 중동에서 많은 인구가 몰려와서 인구가 늘어나기도 했다. 나중에는 일본을 제치고 세계 최고의 장수 국가가 될 것이라는 전망이 나왔다. 2018년 기준으로 인구 밀도는 92명/㎢로 주변 국가에 비하면 조금 낮다.', 'Spain', 0, 4, '2019-12-04 04:52:53'),
	(27, 'root', '관리자', '일본 - 여행지 추천', '일본여행지추천,\r<br>일본인이 사랑한 일본 여행지 TOP 10 (일본 현지인 추천!)\r<br>최근 일본으로 떠나는 리피터 여행객이 증가하면서 기존에 떠났던 도시 위주에 일본 여행에서 벗어나 다양한 매력이 있는 일본 소도시 여행을 꿈꾸는 사람들이 늘어나고 있는 추세다. 각 지역별로 지역색이 뚜렷하고 다양한 볼거리와 먹거리가 있는 일본! 그래서 가끔 궁금해진다. 일본인이 국내여행을 떠나는 곳은 어디일까? 오늘은 일본인이 사랑한 일본여행지를 TOP 10을 소개해본다 \r<br>\r<br>1.  후쿠오카\r<br>\r<br>\r<br>큐슈지방의 중심이 되는 후쿠오카. 서울에서 가장 가까운 일본 도시로 한국 사람들이 많이 찾는 여행지다. 후쿠오카의 가장 큰 장점은 공항과 시내 거리가 차로 10분 거리로 일본 내에서 가장 짧다. 그래서 일본 내에서도 여행하기 좋은 곳으로 손꼽히는 지역이다.\r<br>\r<br>\r<br>\r<br>일본 방송에서는 도쿄에서 비행기를 타고 당일치기 후쿠오카 먹방여행을 컨셉으로하는 방송이 많이 기획되고 있을 정도 후쿠오카는 맛있는 음식이 가득한 곳으로도 유명하다. 일본인들이 사랑하는 라멘 맛집이 많이 모여 있고 모츠나베와 멘타이코 등 독특한 음식들이 많아 후쿠오카 하면 구루메 여행을 가장 먼저 떠올린다.\r<br>\r<br>\r<br>일본인들에게 후쿠오카의 제일의 관광지는 바로 다지아후 텐만구. 학업의 신을 모시고 있는 다자이후 텐만구는 특히 중요한 시험을 앞두고 있는 학생이나 학부모들이 일부러 찾는 곳이다. 그 밖에도 후쿠오카 주변으로 다양한 온천지가 있어 내국인들도 휴식을 위해 자주 찾는 곳이다. \r<br>\r<br>저렴한 후쿠오카 항공권 가격 확인하기 ▶▶\r<br>\r<br>2. 도쿄\r<br>\r<br>말이 필요 없는 세계적인 도시 도쿄. 도쿄는 일본 국내 뿐만 아니라 해외에서도 많은 관광객들이 찾는 여행지로 일본의 과거와 현재 미래를 대표적으로 볼 수 있는 곳이다.\r<br>\r<br>\r<br>\r<br>도쿄의 인기 관광지라는 역시 아사쿠사. 전 세계 관광객들에게 큰 사랑을 받고 있는 아사쿠사는 평일에도 긴 줄을 서서 들어가야 할 정도로 인기로 특히 최근에는 이곳에서 기모노를 입구 사진을 찍는 기모노 체험이 인기다.\r<br>\r<br>\r<br>\r<br>그 밖에 생생한 일본의 수산시장의 모습을 볼 수 있는 츠키지 시장의 스시, 일본의 멋쟁이를 만나고 싶다면 다이칸야마과 오모테산도, 요즘 인스타그램에서 뜨는 카페를 위주로 돌아보고 싶다면 쿠라마에도 들러보자! \r<br>\r<br>\r<br>최근에는 가장 인기 있는 관광지는 역시 도쿄의 새로운 상징인 스카이트리. 현지인들도 1시간 이상 대기해서 입장권을 구입할 정도로 인기 관광명소로 꼭 사전에 예약을 하고 가길 추천한다. 다양한 볼거리가 가득한 도쿄. 그래서 도쿄를 구석구석 다 보기 위해서는 일주일도 부족! 시간을 잘 활용하면서 알찬 도쿄 여행을 위해서는 사전에 본인이 여행의 컨셉을 갖고 떠날지 잘 생각하고 여행 계획을 짜는 것을 추천하다.\r<br>\r<br>저렴한 도쿄 항공권 가격 확인하기 ▶▶\r<br>\r<br>3. 오키나와(나하)\r<br>\r<br>\r<br>일본 최남단에 위치한 섬인 오키나와에서 교통의 중심이 되는 나하. 400년이 넘는 류큐왕국의 역사로 독창적인 문화가 발달한 오키나와는 깨끗한 자연과 함께 이국적인 분위기가 포인트!\r<br>\r<br>\r<br>나하에서 쇼핑과 레스토랑이 밀집되어 있는 고쿠사이토오리(국제거리)는 관광명소로 저녁 늦은 시간까지 항상 사람들로 넘쳐난다.\r<br>\r<br>\r<br>오키나와 하면 가장 생각나는 음식은 스테이크!  국제거리에는 저렴한 가격에 넉넉한 양을 자랑하는 다양한 스테이크 가게를 만날 수 있다.\r<br>\r<br>\r<br>\r<br>중앙에서 남쪽으로 들어간 곳에는 “나하”, 시민의 부엌과 같은”마키 시 공설시장”이 있는데 언제나 열기와 활기로 가득 찬 곳이다.\r<br>\r<br>저렴한 오키나와 항공권 가격 확인하기 ▶▶\r<br>\r<br>4. 히로시마\r<br>\r<br>히로시마 하면 원자폭탄이 먼저 생각나지만 최근 히로시마는 소확행이라는 단어에 가장 어울리는 여행지로 일본에서도 인기를 얻고 있는 지역. 대부분의 건물과 시설들이 피폭으로 다시 짓어질 만큼 아픔 역사가 있는 지역. 지금은 핵의 무서움을 전 세계에 알리는 평화도시로 평가공원과 기념관에는 전 세계의 관광객들이 찾아온다. 바다와 산으로 둘러싸여 그 어느 지역보다 자연경관이 뛰어난 곳이기도 하다.\r<br>\r<br>\r<br>flickr @Hiroshima Photography\r<br>\r<br>원폭 투하로 파괴되었으나 1958년 재건된 히로시마성은 히로시마의 역사를 알리는 향토관과 전망대로 사용 중으로 전망대에서는 히로시마 시내를 한눈에 감상할 수 있다.\r<br>\r<br>\r<br>flickr @TFurban\r<br>\r<br>히로시마의 필수 여행 코스로 손꼽히는 미야지마에 있는 이쓰쿠시마 신사는 바다 위에 세워진 신사로 장엄하고 화려한 건축미를 자랑한다.\r<br>\r<br>저렴한 히로시마 항공권 가격 확인하기 ▶▶\r<br>\r<br>5. 교토(카라수마,카와라마치)\r<br>\r<br>\r<br>1200여 년간 일본의 도읍지로 번영했던 교토. 교토 시내는 하나의 박물관처럼 도시 전체가 과거 여행을 온듯한 느낌이 든다.\r<br>\r<br>\r<br>교토 여행의 필수 코스는 기온을 시작으로 기요미즈테라까지 가는 길. 천천히 산책을 하면서 잠시 카페에서 휴식을 취하고 주변 맛 집까지 같이 돌아본다면 반나절 이상 걸리는 코스다.\r<br>\r<br>\r<br>\r<br>관광객이 아닌 일반적인 교토 사람의 일상을 살펴보고 싶다면 카라수마와 카와라마치 주변에 숙박을 하길 추천한다. 기온에 가모가와 강을 건너면 만날 수 있는 가와라마치는 시내 최대의 번화가로 전통을 지켜가는 오래된 가게와 최첨단 숍까지 있는 교토의 중심거리다.\r<br>\r<br>저렴한 교토 항공권 가격 확인하기 ▶▶\r<br>\r<br>6. 고베\r<br>\r<br>항구도시로 일찍부터 서양문물이 들어와 제2의 항구도시 고베. 유럽풍의 세련된 건물들이 과거 모습 그대로 남아 있어 작은 유럽을 연상시킨다. 특히, 유형문화재로 등재된 건물에 세워진 스타벅스 키타노이진칸점은 많은 여행객들에게 고베 여행의 인증샷 장소로 사용되고 있다.\r<br>\r<br>\r<br>고베 하면 일본 3대 야경으로도 유명, 고베 시내를 한눈에 감상하고 싶다면 롯코산 전망대를 추천!\r<br>\r<br>\r<br>고베의 상징인 고베포트타워를 배경으로 고베 기념사진을 찍어보자! 더 멋진 사진을 찍고 싶다면 모자이크 대관람차가 있는 메리겐파크를 찍는 추천한다.\r<br>\r<br>저렴한 고베 항공권 가격 확인하기 ▶▶\r<br>\r<br>7. 치바\r<br>\r<br>\r<br>수도권에 있으면서 바다와 강에 둘러싸인 자연이 풍부한 소보반도에 위치한 치바는 동쪽으로는 태평양, 서쪽으로는 도쿄 만이 해 있으며, 겨울에도 따뜻한 해양성 기후이기 때문에 꽃을 볼 수 있다. 치바현 부북에 위치한 나리타공항은 도쿄 여행의 관문으로 일본의 하늘의 현관으로서 번창하고 있다.\r<br>\r<br>\r<br>flicker @Gracia jang\r<br>\r<br>치바에서 나리타공항만큼이나 유명한 공간은 바로 디즈니랜드와 디즈니 씨. 평일에도 사람들이 많은 곳인 만큼 최대한 빠른 입장이 필수!\r<br>\r<br>저렴한 치바현 항공권 가격 확인하기 ▶▶\r<br>\r<br>8. 나고야\r<br>\r<br>\r<br>flicker @luke.boulanger\r<br>\r<br>과거 400년 전부터 도쿄와 오사카를 연결해주는 교통 요충지로 번성한 나고야. 넓은 도로와 지하철 그리고 독창적인 식문화로 여행을 떠나는 사람에게 최적의 여행지. 나고야에서 가장 유명한 관광지는 1612년 도쿠가와 이에야스가 마든 나고야 성 TV 전파를 위해서 세워진 나고야 텔레비 탑에서는 아이치현의 다양한 풍경을 바라 볼 수 있다.\r<br>\r<br>\r<br>flicker @Jiseon Kim\r<br>\r<br>나고야하면 히츠마부시라 불리는 우나기동(장어덮밥)과 함께 납작한 면을 자랑하는 기시 멘 이 유명하다. 또한 여성들에게는 나고야에서 도보 15분이면 갈 수 있는 <노리타케의 숲>을 추천 숲이 우거진 광대한 부지에서 식기 쇼핑을 하거나 직접 도자기를 만들을 수 있다.\r<br>\r<br>저렴한 나고야 항공권 가격 확인하기 ▶▶\r<br>\r<br>9. 미야기\r<br>\r<br>\r<br>약 260개의 크고 작은 섬으로 구성된 미야기 현은 일본 3대 절경으로 불리는 마츠시마가 가장 유명하다.\r<br>\r<br>아름답고 조용하여 예부터 수많은 문화인들에게 사랑을 받았던 장소. 지금은 정기 유람선이 다니고 있어 누구나 섬 주변을 천천히 한 바퀴 돌아 볼 수 있다.\r<br>\r<br>\r<br>\r<br>그리고 미야기 현 중부에 위치한 센다이시는 도호쿠 지방 최대의 도시이자 거점지. 교통의 중심지이자 도호쿠 지역의 센다이의 명물은 소 혀 부위인 규탕등의 식문화가 번성하였으며 17세기 이 지역을 통치했던 다테 마사무네가 아오바성을 쌓아올린 이래 다테 가문의 성관 도시로 번역, 현재는 아오바 성터가 있는 아오바산 주변은 공원으로 정비되어 시민들의 휴식공간으로 사용되고 있다\r<br>\r<br>저렴한  미야기 항공권 가격 확인하기 ▶▶\r<br>\r<br>10. 이시카와\r<br>\r<br>도쿄와 가나자와를 연결하는 호쿠리쿠 신칸센이 개통하면서 교통이 편리해진 이시카와. 가나자와로 예스러운 분위기의 일본의 거리 풍경과 현대적인 분위기가 물씬 풍기는 예술공간을 함께 만날 수 있어 최근 일본 여성에게 새롭게 주목받고 있는 지역이다. 가나자와와 여행의 중심이 되는 곳은 역시 미술관과 박물관 평소에 아트에 관심이 있다면 이시카와를 추천한다.\r<br>\r<br>\r<br>「세계에서 가장 아름다운 역」 랭킹에 소개될 정도로 이름다운 가자나와역！신칸센으로 가나자와를 방문한 사람들이 꼭 들리는 필수 관광명소다.\r<br>\r<br>\r<br>에도시대의 그대로 현재까지 잘 보존하고 있는 이시가와 가나자와성은 일본 주요 문화재로 지정된 곳으로 가나자와의 역사를 한눈에 감상할 수 있는 곳이다. \r<br>\r<br>\r<br>flicker @frame_\r<br>\r<br>\r<br>“마당에 열린 공원 같은 미술관”이라는 컨셉으로 누구나 아무 때나 들어갈 수 있는 가나자와 21세기 미술관 특히 눈길을 끄는 독특한 현대 작품들이 많아 일본 전역에서 미술관을 관람하기 위해 가나자와에 오는 사람이 많다. 현립역사 박물관은 가나자와의 고대부터 근대까지의 역사를 알 수 있는 박물관으로 붉은 벽돌로 지은 건물들은 보는 것만으로도 즐거운 관광명소다.\r<br>\r<br>저렴한 이시카와 항공권 가격 확인하기 ▶▶\r<br>\r<br>취재&사진 : 와그잡\r<br>편집 : 익스피디아 코리아\r<br>\r<br>“혜택, 할인, 편리함 모두 갖춘 익스피디아 앱!”\r<br>\r<br>항공/호텔 티켓 정보와 변경사항 등을 모두 앱 내에서 확인 및 알림이 가능해 불필요한 짐과 걱정을 줄여준다. 또한, 모바일 전용 특가 상품을 이용하면 성수기라도 저렴하게 여행이 가능하다는 점! 특히, 자동 현지 언어 번역 기능이 있어 현지 언어를 잘 몰라도 익스피디아 앱을 현지인에게 보여주면 된다. 우리 함께 익스피디아 앱으로 예약하고, 스마트하면서도 편리한 여행을 즐겨보자!\r<br>\r<br>', 'Japan', 1, 5, '2019-12-04 04:54:02'),
	(28, 'root', '관리자', '일본 - 관광지', '▼일본 3대 절경\r<br>1600년대 초반에 일본 전역을 여행한 어느 유명 유학자가 여행 중에 보았던 가장 아름다운 장소로 이 세 곳을 지정했습니다. 이곳들은 오늘날에도 수많은 시인들에게 영감을 주고 있습니다.\r<br>\r<br>마츠시마 (미야기 현)\r<br>마츠시마 (미야기 현)\r<br>크고 작은 260여 개의 섬이 바다 위에 고요히 떠있는 것만 같습니다. 이 숨막히는 풍경은 지구 지각과 해수면의 변화에 따라 시시각각 달라지며 한 시도 같지 않습니다. 방문객은 여러 관측소에서 이 풍경을 감상할 수 있습니다. 크루즈를 타고 가까이에서 보는 것도 인기가 좋습니다.\r<br>\r<br>마츠시마 (미야기 현) 주변의 숙박업소\r<br>아마노하시다테 (교토 현)\r<br>아마노하시다테 (교토 현)\r<br>자연 그대로의 모습을 간직하고 있는 모래톱에 흑송들이 자유로이 자라고 있습니다. 어느 신토의 신이 바다에서부터 천상에 이르는 사다리로 아마노하시다테를 만들었다는 전설이 전해지기도 합니다. 이 풍경을 감상하는 독특한 방법으로 다리 사이를 통해 거꾸로 바라보는 방법이 있습니다. 이렇게 보면 정말로 천상에 이르는 다리처럼 보인다고 합니다.\r<br>\r<br>아마노하시다테 (교토 현) 주변의 숙박업소\r<br>미야지마 (히로시마 현)\r<br>미야지마 (히로시마 현)\r<br>미야지마는 고대부터 자연을 숭배하던 지역입니다. 이 섬은 유명한 이츠쿠시마 신전 및 원시림의 고향입니다. 만조 때 세토 연해에 떠오르는 붉은 도리이는 일본을 상징하는 풍경으로 세계적으로 유명합니다.\r<br>\r<br>미야지마 (히로시마 현) 주변의 숙박업소\r<br>▼일본 3대 유명 폭포\r<br>그 높이나 폭포수의 양 등으로 널리 알려진 일본의 가장 유명한 폭포 세 곳입니다. 지역에 따라 랭킹에 대한 의견은 다를 수 있습니다.\r<br>\r<br>나치 폭포 (와카야마 현)\r<br>나치 폭포 (와카야마 현)\r<br>133미터의 높이에서 초당 1톤 이상의 폭포수가 쏟아지는 나치 폭포는 늘 1순위로 이야기되는 일본의 폭포입니다. 꼭대기에 솟은 바위들 탓에 마치 세 개의 폭포가 하나로 합쳐지는 것처럼 보입니다. 붉은 탑과 어우러진 풍경을 사진에 담는 이가 많습니다.\r<br>\r<br>나치 폭포 (와카야마 현) 주변의 숙박업소\r<br>게곤 폭포 (도치기 현)\r<br>게곤 폭포 (도치기 현)\r<br>추젠지 호수 근처의 폭포로 97미터 높이에서 떨어지는 폭포수가 아름다운 경관을 이루고 있습니다. 관람 장소 아래쪽에 있는 타키미 전망대에서 시원한 물안개와 폭포수의 웅장한 소리를 최고의 경관과 함께 즐길 수 있습니다. 겨울에는 폭포수가 얼어붙어 장관이 만들어집니다.\r<br>\r<br>게곤 폭포 (도치기 현) 주변의 숙박업소\r<br>후쿠로다 폭포 (이바라키 현)\r<br>후쿠로다 폭포 (이바라키 현)\r<br>120미터 높이에서 네 단계에 걸쳐 떨어지는 73미터 너비의 폭포수는 마치 바위에 늘어진 흰 명주실 가닥들 같습니다. 각 계절마다 이 폭포들을 한 번씩 가보지 않고는 결코 진정한 우아함을 이해할 수 없다는 이야기가 전해지기도 합니다.\r<br>\r<br>후쿠로다 폭포 (이바라키 현) 주변의 숙박업소\r<br>▼일본 3대 야경\r<br>야경이 가장 아름다운 일본의 세 도시입니다. "신 일본 3대 야경"이라는 새 랭킹이 2003년 발표되기도 했습니다.\r<br>\r<br>하코다테: 하코다테 산 (홋카이도)\r<br>하코다테: 하코다테 산 (홋카이도)\r<br>해발 334미터의 하코다테 산에서 내려다보면 도시의 불빛이 마치 반짝거리는 귀금속으로 치장한 손처럼 보입니다. 3분 동안 케이블카를 타고 정상에 오르면 가장 아름다운 경관을 즐길 수 있습니다. 츠루가 해협과 하코다테 만 사이의 독특한 지형이 신비로운 분위기를 자아냅니다.\r<br>\r<br>하코다테: 하코다테 산 (홋카이도) 주변의 숙박업소\r<br>고베: 마야 산 (효고 현)\r<br>고베: 마야 산 (효고 현)\r<br>700미터 가장 높은 곳에서 바라보는 넓은 야경. 오사카부터 고베에 이르는 간사이 지역의 빛나는 절경이 방문객을 기다립니다. 11시까지 길을 밝혀놓음으로써 로맨틱한 순간을 원하는 이들에게 완벽한 장소를 제공하고 있습니다.\r<br>\r<br>고베: 마야 산 (효고 현) 주변의 숙박업소\r<br>나가사키: 이나사 산 (나가사키 현)\r<br>나가사키: 이나사 산 (나가사키 현)\r<br>이나사 산에서 바라보는 나가사키의 풍경은 홍콩, 모나코와 함께 세계 3대 "천만 불짜리 야경"에 꼽히기도 했습니다. 도시의 불빛이 나가사키 만까지 닿아 수면을 비춥니다. 방문객은 도시 전경을 360도로 다양하게 감상할 수 있습니다.\r<br>\r<br>나가사키: 이나사 산 (나가사키 현) 주변의 숙박업소\r<br>▼일본 3대 유명 성\r<br>이 랭킹은 개인 의견에 따라 달라질 수 있습니다. 오사카 성과 나고야 성이 종종 리스트에 들기도 합니다.\r<br>\r<br>히메지 성 (효고 현)\r<br>히메지 성 (효고 현)\r<br>은백색으로 빛나는 히메지 성은 일본에서 최초로 유네스코 세계유산으로 지정된 곳입니다. 날아오르는 백로를 닮았다는 이 성은 2015년에 회벽이 보수되어 현재 그 어느 때보다 새것 같은 모습입니다. 처음 성이 축조된 그때부터 지금까지 전쟁이나 자연재해에 훼손되지 않고 그 시대 건축물의 모습을 그대로 간직한 채 귀중한 문화유산으로 남아있습니다.\r<br>\r<br>히메지 성 (효고 현) 주변의 숙박업소\r<br>마츠모토 성 (나가노 현)\r<br>마츠모토 성 (나가노 현)\r<br>이 성은 북부 알프스의 장엄한 풍광에 맞서 검고 근엄한 위용을 뽐내고 있습니다. 센고쿠 시대(1467-1603)이래로 전쟁 피해를 입지 않아 본래의 모습을 그대로 간직하고 있습니다. 안으로 들어서면 한참 동안 사용되지 않은 기둥과 층계들의 흔적이 오랜 역사가 느껴지는 분위기를 한층 더해줍니다. 주변은 공원으로 조성되었으며 계절별로 각기 다른 모습의 성을 볼 수 있습니다.\r<br>\r<br>마츠모토 성 (나가노 현) 주변의 숙박업소\r<br>구마모토 성 (구마모토 현)\r<br>구마모토 성 (구마모토 현)\r<br>일본의 장수이자 정치가였던 가토 기요마사가 지었으며 "격퇴의 석벽"이라는 벽이 있는 난공불락의 성으로 알려졌었습니다. 성의 유구한 역사는 에도 시대(1603-1868)부터 시작되며 내전 당시 적군의 침입을 저지하기도 했습니다. 성 주변에 비상식량으로 은행을 심은 탓에 "은행나무 성"이라는 별명이 있기도 합니다.\r<br>\r<br>구마모토 성 (구마모토 현) 주변의 숙박업소\r<br>▼일본 3대 유명 정원\r<br>남다른 아름다움으로 유명한 세 정원입니다. 언제 이 랭킹이 처음 만들어졌는지는 알려지지 않았습니다.\r<br>\r<br>가이라쿠엔 (이바라키 현)\r<br>가이라쿠엔 (이바라키 현)\r<br>1842년에 지역 영주에 의해 만들어졌으며 계졀별로 끊임없이 변모하는 아름다움이 감각을 치유한다고 합니다. 매화 축제가 열리는 늦겨울에는 3,000그루의 매화나무와 함께 벚꽃, 진달래 등도 즐길 수 있습니다.\r<br>\r<br>가이라쿠엔 (이바라키 현) 주변의 숙박업소\r<br>겐로쿠엔 (가나자와 현)\r<br>겐로쿠엔 (가나자와 현)\r<br>여러 시대에 걸쳐 다양한 정원 기술을 다하여 관리해온 덕에 처음 만들어진 때부터 오늘날에 이르기까지 이 정원은 꾸준한 인기를 누리고 있습니다. 호쿠리쿠 신칸센으로 관광객이 가나자와 현까지 곧장 올 수 있게 되어 지금은 더욱 많은 사람이 찾고 있습니다. 희고 붉은 매화로 수놓인 겨울의 설경을 감상해보세요. 주변의 가나자와 성 공원과 찻집 거리도 함께 즐기시기 바랍니다.\r<br>\r<br>겐로쿠엔 (가나자와 현) 주변의 숙박업소\r<br>고라쿠엔 (오카야마 현)\r<br>고라쿠엔 (오카야마 현)\r<br>약 300년 전에 오카야마의 영주에 의해 만들어졌으며, 다양한 정원과 연못, 부속 건축물들이 물줄기와 정원 길을 따라 연결되어 있습니다. 발걸음을 따라 변화하는 풍경을 즐기는 것과 정원 곳곳의 부속 건물들 및 신사를 탐험하는 것이 인기입니다. 매년 여름과 가을에는 밤마다 "환상 정원" 행사가 열립니다.\r<br>\r<br>고라쿠엔 (오카야마 현) 주변의 숙박업소\r<br>▼일본 3대 유명 온천 (니혼 산메이센)\r<br>이 랭킹의 역사는 수백 년 전 한 유학자가 그의 시에서 일본 3대 온천을 이야기한 것으로부터 시작됩니다. 다른 온천 랭킹으로는 "3대 고대 온천"(아리마 온천, 시라하마 온천, 도고 온천), "3대 온천"(아타미, 시라하마, 벳부) 등이 있습니다.\r<br>\r<br>아리마 온천 (효고 현)\r<br>아리마 온천 (효고 현)\r<br>631년에 일왕이 방문한 기록이 있는 역사상 가장 오래된 일본의 온천으로, 오래전 이곳에 조용한 마을이 들어선 이후로 천 년이 넘는 세월 동안 꾸준히 방문객을 맞고 있습니다. 이 온천만의 두드러지는 점은 두 가지가 있습니다. 철분으로 짙은 적갈색을 띄는 "황금 온천"이라는 곳과, 혈액순환, 피부 질환 및 요통에 좋다는 맑고 보글거리는 "은빛 온천"이 그것입니다.\r<br>\r<br>아리마 온천 (효고 현) 주변의 숙박업소\r<br>구사츠 온천 (군마 현)\r<br>구사츠 온천 (군마 현)\r<br>땅으로부터 솟아나는 온천수의 양으로 유명하며, 뜨거운 온천수를 희석하지 않고 식히기 위해 나무 막대로 물을 저으며 "초이나! 초이나!"하고 외치는 구령으로도 이 온천 마을은 유명합니다. 특히 여름에는 더욱 찾는 이가 많습니다.\r<br>\r<br>구사츠 온천 (군마 현) 주변의 숙박업소\r<br>게로 온천 (기후 현)\r<br>게로 온천 (기후 현)\r<br>게로 온천은 에도 시대(1603-1868)부터 번영한 곳으로 남다른 온천수가 유명합니다. 알칼리성 이온수로 부드러운 느낌이 특징입니다. 방문객은 "유메구리" 또는 온천 투어 티켓을 받는데, 머무는 동안 이를 이용해 각기 다른 료칸 세 군데에서 목욕을 즐길 수 있습니다.\r<br>\r<br>게로 온천 (기후 현) 주변의 숙박업소\r<br>▼일본 3대 축제\r<br>일본의 주요 축제 또는 "마츠리" 세 곳입니다. 랭킹은 지역에 따라 다를 수 있습니다.\r<br>\r<br>기온 마츠리 (교토 현)\r<br>기온 마츠리 (교토 현)\r<br>전 세계의 사람들이 이 멋진 행사를 보기 위해 한 달 내내 교토를 찾습니다. 축제 분위기는 매년 7월 17일에 열리는 장대한 "야마보코" 퍼레이드에서 절정을 이룹니다. 이 퍼레이드는 유네스코 무형문화유산에도 등록되었으며, 행진 전날 밤에는 수많은 종이등이 은은한 불빛으로 길거리를 수놓습니다.\r<br>\r<br>기온 마츠리 (교토 현) 주변의 숙박업소\r<br>텐진 마츠리 (오사카 현)\r<br>텐진 마츠리 (오사카 현)\r<br>매년 약 130만 명의 사람들이 오사카 최대의 여름 축제를 찾아 오사카 텐만구 신사에서 행운을 기원합니다. 축제 마지막 날에는 아름다운 불꽃놀이가 이루는 장관과 무용수들을 태운 배가 물을 거슬러 올라가는 "후나토교"라는 행진으로 축제 분위기가 절정을 이룹니다.\r<br>\r<br>텐진 마츠리 (오사카 현) 주변의 숙박업소\r<br>칸다 마츠리 (도쿄 현)\r<br>칸다 마츠리 (도쿄 현)\r<br>칸다 마츠리는 쇼군이 커다란 전투에서 승리를 거둔 것을 기념하기 위해 만들어진 것으로 한 해 걸러 한 번씩 칸다 신사를 중심으로 열립니다. 도쿄 중심의 칸다와 니혼바시 대로를 행진하는 200개 이상의 이동식 신사가 장관을 이룹니다.\r<br>\r<br>칸다 마츠리 (도쿄 현) 주변의 숙박업소\r<br>▼일본 3대 계곡\r<br>오랜 세월 동안 강물이 깎아낸 아름다운 계곡 세 곳입니다.\r<br>\r<br>기요츠 계곡 (니이가타 현)\r<br>기요츠 계곡 (니이가타 현)\r<br>거친 벼랑과 깨끗한 계곡물이 이 계곡을 일본 최고의 명소 중 하나로 만들었습니다. 강물 양쪽에 수직으로 솟은 장대한 바위 절벽이 위용을 뽐내고 있습니다.\r<br>\r<br>기요츠 계곡 (니이가타 현) 주변의 숙박업소\r<br>구로베 계곡 (도야마 현)\r<br>구로베 계곡 (도야마 현)\r<br>구로베 강이 깎아낸 독특한 V자형 골짜기입니다. 아름다운 철길이 계곡을 따라 다리와 터널을 지나며 매 계절마다 멋진 자연 풍경을 보여줍니다.\r<br>\r<br>구로베 계곡 (도야마 현) 주변의 숙박업소\r<br>오스기다니 계곡 (미에 현)\r<br>오스기다니 계곡 (미에 현)\r<br>긴키 지방에서 가장 외딴 지역으로 잘 알려진 곳입니다. 폭포와 원시림이 많은 등산객을 이끌고 있습니다. 지난 2014년에 트레일의 한 구간이 10년 만에 처음으로 붕괴되었으나 보수 후 재개장하였습니다. 산길이 무척 좁고 가파르기도 하지만 장비를 잘 갖춘다면 안전하게 지날 수 있습니다.\r<br>\r<br>오스기다니 계곡 (미에 현) 주변의 숙박업소\r<br>▼ 일본 3대 외딴 지역\r<br>찾아가기 힘든 이곳들은 잘 닦인 길에서 벗어나있는 덕분에 독특한 문화적 경험을 선사합니다.\r<br>\r<br>시라카와고 (기후 현)\r<br>시라카와고 (기후 현)\r<br>기후 북부의 험준한 산악 지대 안에 자리한 시라카와고는 겨울마다 혹독한 폭설을 견디어 냅니다. 이 때문에 이곳은 최근까지 비교적 덜 알려진 지역으로 남아있었고, 이곳의 마을은 자기만의 독특한 생존 방식을 개발했습니다. 현재 이 마을은 유네스코 세계문화유산으로 등재되어 있으며 외부에서 버스로 접근이 가능합니다. 흔치 않은 옛날식 여관에서의 하룻밤을 꼭 경험해보시기 바랍니다.\r<br>\r<br>시라카와고 (기후 현) 주변의 숙박업소\r<br>이야 (도쿠시마 현)\r<br>이야 (도쿠시마 현)\r<br>이야는 시고쿠 섬 중앙의 외진 곳으로 전설에 따르면 중세 시대에 큰 전쟁에서 패한 이들이 몸을 숨기기 위해 도망쳐온 지역이라고 합니다. 유명한 현수교와 호화로운 온천도 매력적인 곳입니다.\r<br>\r<br>이야 (도쿠시마 현) 주변의 숙박업소\r<br>시이바 (미야자키 현)\r<br>시이바 (미야자키 현)\r<br>첩첩산중에 깊이 자리하고 있어 시이바는 규슈 내에서 비교적 덜 알려진 지역입니다. 이야로 도망친 이들과 같은 사람들이 이곳으로도 몸을 피해 수백 년 동안 음악부터 농업 기술에 이르기까지 그들만의 문화를 일구었습니다.\r<br>\r<br>시이바 (미야자키 현) 주변의 숙박업소\r<br>▼일본 3대 벚나무 (니혼 산다이오자쿠라)\r<br>이 나무들은 모두 천 년이 넘는 나이를 자랑합니다.\r<br>\r<br>미하루 다키자쿠라 (후쿠시마 현)\r<br>미하루 다키자쿠라 (후쿠시마 현)\r<br>천 년이 족히 넘은, 가지를 늘어뜨린 이 벚나무는 높이가 19미터로 6-7층 빌딩에 견줄만한 크기입니다. 동에서 서로 22미터, 북에서 남으로 17미터나 뻗어있습니다. 4월마다 이 나무의 늘어진 가지가 마치 분홍빛 꽃잎이 흐르는 폭포와 같다고 하여 "폭포 벚나무"라는 뜻의 이름이 붙었습니다.\r<br>\r<br>미하루 다키자쿠라 (후쿠시마 현) 주변의 숙박업소\r<br>우스즈미 자쿠라 (기후 현)\r<br>우스즈미 자쿠라 (기후 현)\r<br>이 1,500살이 넘는 16미터 높이의 나무는 북에서 남으로, 동에서 서로 각 약 30미터에 이르는 넓이를 뒤덮고 있습니다. 이 나무의 꽃은 독특하게도 단계에 따라 세 가지 색을 띱니다. 봉오리 때는 분홍색, 피어나면 흰색, 시들 때는 옅은 검정 잉크색을 띠므로 "옅은 잉크 벚나무"라고 불립니다.\r<br>\r<br>우스즈미 자쿠라 (기후 현) 주변의 숙박업소\r<br>진다이 자쿠라 (야마나시 현)\r<br>진다이 자쿠라 (야마나시 현)\r<br>일본에서 가장 나이가 많은 벚나무로 1,800에서 2,000살로 추정됩니다. 줄기 부분은 썩었지만 새로운 가지들이 뿌리에서 뻗어나와 18미터 정도로 자랐습니다. 많은 방문객들이 이 벚나무를 보기 위해, 주변의 어린 벚나무들이 꽃을 피우는 것을 보기 위해 이곳을 찾습니다. 이 나무들은 미하루 다키자쿠라와 우스즈미 자쿠라의 후대입니다.\r<br>\r<br>진다이 자쿠라 (야마나시 현) 주변의 숙박업소\r<br>알려진 것과는 달리 실제로는 그다지 훌륭하지 않지만 어쨌든 가보고싶을지도 모르는 그런 곳들…\r<br>\r<br>▼일본 3대 대실망\r<br>삿포로 시계탑 (홋카이도)\r<br>삿포로 시계탑 (홋카이도)\r<br>삿포로와 홋카이도 가이드북에 자주 나오는 이 시계탑은 오래된 삿포로 농업 대학 소유로, 수많은 고층 빌딩들에 둘러싸여 있습니다. 이 빌딩들이 시계탑을 볼품없어 보이게 만들고 있습니다. 하지만 이 시계탑은 일본에 남아있는 가장 오래된 서양식 시계 중 하나이며 아름다우므로 가보아도 좋습니다.\r<br>\r<br>삿포로 시계탑 (홋카이도) 주변의 숙박업소\r<br>하리마야 다리 (고치 현)\r<br>하리마야 다리 (고치 현)\r<br>20미터 길이의 우아한 다리로 아치형에, 주홍색으로 칠해져 있습니다. 이 다리는 유명한 노래에 등장해 불후의 명성을 얻은 데다 역사적인 중요성까지 지니고 있습니다만 다리 주변의 도로가 확장되고 차량 통행이 늘어나 다리를 제대로 감상하기가 어렵게 되었습니다. 하지만 마침 이 지역에 머물고 있고 시간 여유가 있다면 방문해보는 것도 좋겠습니다.\r<br>\r<br>하리마야 다리 (고치 현) 주변의 숙박업소\r<br>오란다 자카 (나가사키 현)\r<br>오란다 자카 (나가사키 현)\r<br>오란다 자카는 "네덜란드 언덕"이라는 뜻으로, 1800년대 일본 초기 개화기에 네덜란드 상인들이 들어와 정착하고 유럽식 생활을 하던 지역이며 아직 그 모습이 일부 남아있습니다. 요코하마의 야마타 같은 일본의 다른 비슷한 서양식 지역에 비하면 별것 없지만 그래도 여전히 여유로운 날에 산책하기 좋은 이국적인 길거리 입니다.', 'Japan', 2, 3, '2019-12-04 04:55:11'),
	(29, 'root', '관리자', '일본 - 소도시 여행', '고즈넉하고 조용한\r<br>애니메이션 \'명탐정 코난\' 속 마을\r<br>\r<br>01. 돗토리\r<br>일본 주고쿠 지방에 위치한 돗토리현은 조용하고 고즈넉한 시골 마을입니다. 일본에서 가장 작은 현이지만, 볼거리가 많아 알음알음으로 많이 찾는 소도시입니다. 독특한 볼거리가 가득한 돗토리에는 해안사구가 있어 일본에서 낙타를 타고 사막트래킹을 하는 유니크한 경험할 수 있습니다. \r<br>\r<br>또한 돗토리 여행에서 빼놓지 말아야할 명물. 바로 애니매이션, 만화로 많은 애독자를 확보하고 있는 ‘명탐정 코난’ 입니다. ‘명탐정 코난’을 좋아한다면, 돗토리현의 ‘코난 마을’은 꼭 방문해야 할 필수코스인데요. 유라역에 위치한 코난 마을 곳곳에서는 코난의 다양한 캐릭터를 만날 수 있습니다.\r<br>\r<br>* 돗토리 인기호텔 ▶보기!\r<br>\r<br>과거 에도시대를\r<br>그대로 옮겨놓은 듯한 역사마을\r<br>\r<br>02. 다케하라\r<br>일본 주고쿠 히로시마 현의 상공업도시 다케하라는 히로시마에서 기차를 타고 1시간 30분여 거리에 위치했습니다. 에도시대의 정서가 물씬 느껴지는 거리가 일품인 다케하라는 거리경관 보존지구로 지정되어 과거 에도시대를 고스란히 옮겨 놓은 듯한 경관을 감상할 수 있습니다. 특히 역사를 좋아하는 여행객이라면, 일본 고유의 운치를 느낄 수 있는 다케하라는 강력 추천하는 소도시중 한 곳입니다.\r<br>\r<br>* 다케하라 인기호텔 ▶보기!\r<br>\r<br>오랜 역사의 \'도고온천\'과\r<br>문화와 전통이 깊숙히 자리잡은 곳\r<br>\r<br>03. 마쓰야마\r<br>일본 시코쿠 북동 해안 에히메 현의 현청 소재지인 마쓰야마는 최근 몇 년사이 직항 항공이 생기면서 많이들 방문하는 곳입니다. 오래된 온천과 문화와 전통을 가진 마쓰야마 여행에서는 대표 애니메이션인 ‘센과 치히로의 행방불명’의 모티브가 되었다는 도고 온천을 볼 수 있습니다. \r<br>\r<br>특히 마쓰야마시에서 도고온천까지는 마쓰야마의 명물 증기기관차인 봇찬열차(Botchan train)을 타고 이동해 실제 만화 속에 들어가 있는 경험을 할 수 있습니다. 여기에 밀감재배로 유명한 마쓰야마 곳곳에서는 귤을 이용한 다양한 먹거리도 맛볼 수 있는 것도 놓쳐서는 안 될 여행의 묘미입니다!\r<br>\r<br>* 마쓰야마 인기호텔 ▶보기!\r<br>\r<br>유유자적 뱃놀이를 즐길 수 있는\r<br>큐슈 지방의 \'베니스\'\r<br>\r<br>04. 야나가와\r<br>일본 후쿠오카현에 있는 야나가와는 운하가 발달하여 수곽으로 유명한 지역입니다. 마을 전체가 수로로 이어져 있어 큐슈의 베니스라고도 불리는데요. 때문에 야나가와 여행에서는 필수 여행코스는 뱃놀이입니다. 70여 분간 나루를 따라 뱃놀이를 즐기며, 한 타임 쉬어가는 여유를 즐길 수 있습니다. \r<br>\r<br>후쿠오카에서 한 시간 거리에 위치해 고즈넉한 분위기와 마을 곳곳의 아름다운 경관이 매력적인 야나가와. 여유로운 뱃놀이 후 야나가와 지역에서 유명한 장어덮밥을 한 그릇 맛보면 최고의 여행을 경험할 수 있습니다.\r<br> \r<br>* 야나가와 인기호텔 ▶보기!\r<br>\r<br>독특한 자연환경의 휴양지,\r<br>검은모래찜질과 온천을 즐길 수 있는!\r<br>\r<br>05. 가고시마\r<br>가고시마는 일본 규슈의 현 중 하나로 독특한 자연 환경을 갖춘 휴양지로 유명합니다. 가고시마에서는 노면전차를 볼 수 있는데요. 눈에 띄는 컬러의 노면전차는 가고시만만의 멋스러운 분위기를 자아냅니다. 가고시마 여행의 또 다른 매력을 꼽자면, 검은 모래찜질을 즐길 수 있는 이부스키, 온천코스로 기리시마까지 근교 소도시 여행도 알차게 즐길 수 있다는 점인데요. 여기에 가고시마 여행 중 꼭 먹어봐야하는 음식 흑돼지 돈까스가 굶주린 여행자의 배도 알차게 채워줍니다 :-) \r<br>\r<br>* 가고시마 인기호텔 ▶보기!\r<br>\r<br>나고야 여행 추천 근교 여행지\r<br>\'작은 교토\'라 불리우는 곳\r<br>\r<br>06. 다카야마\r<br>‘작은 교토’라고 불리는 일본 주부 기후 현의 시 다카야마입니다. 나고야 여행에서 근교 여행지로 많이들 방문하는 곳인데요. 다카야마는 작은 도시이지만, 일본 현지인과 외국인들이 많이 방문하는 인기있는 지역입니다. 인기관광지지만 교토만큼 많이 붐비지 않아 편안하게 여행을 즐길 수 있는 곳이기도 합니다. \r<br>\r<br>다카야마 여행의 하이라이트는 산마치 거리인데요! 이곳에서는 에도시대의 목조가옥이 고스란히 남아 있어 오랜 일본의 향취를 느낄 수 있습니다.  산마치 거리를 걸으며, 일본 3대 소고기(마츠자카규, 히다규, 고베규)로 꼽히는 히다규는 무조건 먹어야한다고 하니 참고해주세요 :-)\r<br>\r<br>* 다카야마 인기호텔 ▶보기!\r<br>\r<br>일본 사극영화에 나올 법한\r<br>옛스러운 정취에 흠뻑 취하고 싶다면\r<br>\r<br>07. 오카야마\r<br>일본 혼슈 서부 세토나이카이에 면한 현 오카야마는 오사카에서 신칸센을 타고 45분 만에 도착할 수 있는 지역으로, 최근에는 직항 항공도 생겨 더욱 많은 사람들이 찾는 도시입니다. 오카야마에서는 고라쿠엔, 오카야마성 등 옛스러운 풍경을 엿볼 수 있으며, 오카야마시에서 20여분을 이동하면, 마치 일본 사극영화에 나올 법한 풍경들이 가득 찬 구라시키 미관지구에 도착할 수 있습니다. 실제로 영화 ‘바람의 검심’ 등 수많은 영화의 촬영지이기도 한 구라시키 미관지구는 수려한 경관으로 오카야마현에서도 아름다운 관광지로 손꼽힌다고 하네요 :-)\r<br>\r<br>* 오카야마 인기호텔 ▶보기!\r<br>\r<br>일본에서 가장 높은 \'후지산\'의 자연 경관과\r<br>\'녹차\'로 유명한 곳!\r<br>\r<br>08. 시즈오카\r<br>일본 주부 지방 시즈오카현의 현청 소재지인 시즈오카는 일본에서 가장 높은 산으로 유네스코 세계문화로 지정된 후지산이 위치한 곳입니다. 바다와 산을 동시에 볼 수 있는 시즈오카는 후지산뿐만 아니라, 천혜의 자연을 즐길 수 있는 오이가와 강과 미나미알프스 등 뛰어난 자연경관을 자랑하는데요.\r<br>\r<br>도심에서 벗어나 일본의 자연을 온몸으로 경험하고 싶다면, 시즈오카를 방문해 후지산 둘레길을 방문하는 것을 강력 추천 합니다. 또한 시즈오카는 일본 전체 녹차 생산량의 40%를 책임지는 만큼 일본의 제대로 된 녹차 맛을 맛볼 수 있는 것도 또다른 매력입니다. \r<br>\r<br>* 시즈오카 인기호텔 ▶보기!\r<br>\r<br>\'우레시노 온천\'과 \'타케오 온천\'으로\r<br>유명한 온천 명소\r<br>\r<br>09. 사가\r<br>일본 규슈 북부에 있는 사가현의 현청 소재지 사가는 우레시노 온천과 타케오 온천으로 유명한 온천 명소입니다. 많이 알려지지 않은 고즈넉한 온천을 즐기고 싶다면 사가 여행이 제격인데요. 사가 공항에서 다케오, 오레시노까지 운행하는 셔틀버스가 있어 편안하게 방문할 수 있다는 것도 장점입니다! 다케오, 오레시노 온천 마을을 비롯해 사가시에도 사람이 붐비지 않아 특별한 여행일정 없이 천천히 걸어 다니며, 일본 문화를 천천히 알아가는 재미를 느낄 수 있습니다.\r<br>\r<br>* 사가 인기호텔 ▶보기!\r<br>\r<br>지금까지 일본 여행으로 추천 드리는 소도시 여행지에 대해 소개해 드렸는데 어떠셨나요~?\r<br>', 'Japan', 1, 4, '2019-12-04 04:55:57'),
	(30, 'root', '관리자', '인도 - 여행지', '인도의 날씨는 지역마다 차이가 있어 10월~3일은 가장 여행하기 적합하고 4월~7월은 평균 온도가 40도, 6월~9월은 우기로 피하는 것이 좋다.(11월~2월 성수기)\r<br> 교통 편은 복잡한 편이지만 지하철을 이용하면 불편함은 많지 않다. 택시를 이용할 경우 범죄의 가능성과 바가지를 씌울 수도 있으니 택시는 피하는 것이 좋다.\r<br> 인도의 문화는 대체적으로 보수적인 편이다. 그러므로 여행을 할 땐 너무 노출이 심한 옷은 피하는 것이 좋고 음주 문화도 그렇게 발달이 된 편이 아니기 때문에 절주를 하는 것이 좋다.\r<br>\r<br>\r<br>\r<br>델리(Delhi)\r<br>\r<br> \r<br> 처음으로 소개할 인도 여행지인 델리는 인도의 수도이자 세계에서 가장 오래된 도시 중 하나이다. 델리는 뉴델리와 올드델리가 모두 합쳐진 말이다. 올드델리는 전통적이면서 인구가 많으며 뉴델리는 남쪽에 위치한 정치의 중심지이다.\r<br> 델리는 세계 유산을 비롯해 역사와 현대 시대를 연결해주는 다양한 전통과 기념물을 간직하고 있는 도시이다. 그렇기 때문에 다양한 명소들이 존재하는데 가장 첫 번째로 추천하는 장소는 레드포트 이다.\r<br>\r<br> 레드포트는 \'붉은 요새\'라는 뜻을 가진 곳으로 올드델리의 대표적인 명소이다. 이곳은 아름다운 건축물과 장식의 가치를 인정받아 세계유산으로 등재되어 있다. 성벽 속의 여러 궁전과 사원에 방문해 보길 바란다.\r<br>\r<br>두 번째로 추천하는 장소는 꾸뜹 미나르이다. 이곳은 최초의 이슬람 왕조가 델리를 정복하면서 세운 승전 기념탑이다. 힌두 양식과 이슬람의 양식이 새겨져 거대한 탑의 모습과 코란은 감탄을 자아내기에 충분하다.\r<br>\r<br>\r<br>세 번째는 바하이 사원이다. 이곳은 연꽃 모양을 하고 있어 연꽃 사원이라고도 한다. 바하이교 신자와 여행객들의 발길을 끄는 명소이기도 하다. 말을 하지 않고 사진도 찍지 않는다면 편안하게 기도를 할 수 있고 주변엔 아름다운 정원도 있으니 함께 둘러보면 좋다.\r<br>\r<br>마지막은 로디 가든이다. 술탄 제국의 마지막 왕조의 무덤 유적지로 이곳을 공원으로 꾸몄다. 한적한 산책을 좋아하는 사람이라면 이곳을 추천해본다.\r<br>\r<br>\r<br>\r<br>자이푸르(Jaipur)\r<br>\r<br> \r<br> 자이푸르는 핑크색으로 지어진 건물들이 많아 로맨틱한 핑크시티라고도 하는 곳이다. 자이푸르 주변의 풍경들 또한 이곳을 더욱 빛내주는 요소로 붉은 건물에 구름이 뭉게뭉게 뜬 날씨에는 그야말로 인생 사진을 찍을 수 있는  기회이다!\r<br>자이푸르의 건물이 핑크색으로 칠해진 일화를 풀어 보자면 1867년 영국이 동인도 회사에 의해 인도 간접 통치를 철폐하고 영국의 왕이 직접 통치를 발표하였다. 이와 함께 후일 에드워드 7세가 되는 왕세자의 방문이 이루어졌다. 왕세자가 어디를 방문할지 영국의 지배를 받지는 않았지만 존립의 기로에 선 번왕국들이 왕세자의 방문지에 대해 촉각을 곤두세웠다. 그중에 자이푸르는 일찌감치 당첨이 되었고 자이푸르를 다스리던 마하라자 람 싱이 어떻게 황제의 눈에 들게 할까 생각을 하다가 "자이푸르 도시를 온통 핑크색으로 칠해버리자!\'라는 아이디어를 내었다.\r<br>\r<br> 핑크색은 인도에서 전통적으로 환영을 뜻할 때 칠하는 색이며 일반적으로 관혼상제에서 일부 칠한다. 하지만 이 제안이 바로 이루어진 것이 아니었다 반대도 많았지만 람싱은 계속 밀어붙였다고 한다. 그 이유는 바로 왕국의 생존과 사활이 걸린 문제라고 믿었기 때문이다.\r<br> 그 결과는 성공적이었다. 웅장한 코끼리 퍼레이드는 물론이고 하늘에서 색종이가 쏟아지고 핑크색으로 물들여 연출된 중세도시를 본 에드워드 7세는 입을 크게 벌리며 놀랐고 라자스탄은 영국령 인도제국의 번국으로 독립을 보장받았다.\r<br>\r<br> 자이푸르는 현재까지도 핑크색이며 혹독한 기후로 날씨가 우중충하지만 않으면 핑크의 기조는 늘 유지가 되고 있고 주기적으로도 핑크색을 새로 칠하기도 한다. 하지만 핑크색 이외에 다른 색으로 구시가의 주택을 칠하는 것은 법으로 금지이다. \r<br>\r<br>\r<br>\r<br>\r<br>타지마할 (Taj Mahal)\r<br>\r<br> \r<br> 인도를 여행하는 사람이 한 번쯤은 방문하는 곳이 바로 타지마할이다. 타지마할은 세계 7대 불가사의로 불리는 인도의 건축물로 인도를 소개하는 책자나 광고 등에 자주 등장하는 곳이기도 하다. 타지마할은 그 정도로 인도를 대표하는 건축물이기도 하며 완벽한 대칭과 균형을 이루고 있다. 순백의 대리석으로 만들어져 겉으로 볼 땐 정원처럼 잘 꾸며져 궁전의 느낌을 주지만 사실상 이 건물은 무덤이다. 무굴제국의 왕 샤 자한이 왕비를 위해 만든 무덤이다.\r<br> 입장료가 조금 비싼 편이지만 인도 여행을 온 만큼 타지마할에 입장해 구경해보는 것도 돈이 아깝지 않을 정도로 볼거리가 많다.\r<br>\r<br> 타지마할은 인도에서 삼엄하게 관리하는 곳으로 조금이라도 의심이 가는 행동을 하는 사람이 있으면 곧바로 제재를 당한다. 그렇기에 수상한 행동으로 오해받을 만한 행동은 하지 않는 것이 좋다. 셀카봉 같은 경우도 뺏길 수 있으니 타지마할에서는 여러모로 조심하는 것이 좋다.\r<br>자이살메르 (Jaisalmer)\r<br>\r<br>\r<br> 누구나 한 번쯤은 사막에 대한 궁금증, 가보고 싶은 욕망이 있을 것이다. 인도는 대부분 사막이기 때문에 사막투어를 할 수 있으며 낙타를 직접 타보며 체험할 수 있다. 낙타 체험을 해보고 싶다면 인도의 자이살메르 낙타 사파리를 추천한다. 특히 자이살메르 사막은 축제도 하기 때문에 축제 기간에 맞춰서 방문하면 더 좋다.\r<br>\r<br> 자이살메르 사막에 도착하면 주변이 온통 황토색의 모래와 물웅덩이가 보인다. 그렇게 계속 30여 분을 달리면 카바 포트에 도착하게 된다. 카바 포트 요새 앞에 펼쳐진 모습을 보면 폐허처럼 보이는 마을이 옹기종기 모여있는 것이 보인다. 요새 안으로 들어가면 작은 박물관처럼 꾸며놓은 모습들이 눈에 들어온다.\r<br>카바 포트를 구경하고 나면 낙타들이 대기하고 있는 곳으로 이동한다. 낙타가 워낙에 큰 동물이라 무서워하는 사람도 있겠지만 낙타를 괴롭히지만 않는다면 낙타도 온순하고 귀여운 동물이란 걸 알 수 있다. 말을 탈 때와는 사뭇 다른 낙타의 탑승 감에 색다름이 교차할 것이다.\r<br>\r<br>\r<br>\r<br>황량한 사막을 낙타를 타고 가다 보면 음료수를 팔기 위한 장사꾼들이 모여든다. 못 이기는 척 음료수 한 병 사서 마시면서 이동해도 된다. 1시간 정도를 낙타 타고 이동하고 보면 축제장으로 도착하는데 그곳에서 낙타를 타고 레이스를 하는 사람들이 많이 보인다. \r<br>\r<br>마지막으로 사막에서 일몰을 감상할 때 사진을 찍어보길 바란다. 아름답고도 추억이 깃든 사진을 얻을 수 있으니 꼭 일몰 때를 놓치지 말고 여러 사진을 남겨보는 것을 추천한다.', 'India', 0, 4, '2019-12-04 04:57:03'),
	(31, 'root', '관리자', '인도 - 한국인이 자주 찾는 도시', '\r<br>한국인이 가장 많이 찾는 인도 도시 \r<br>극강의 호불호를 자랑하는 배낭여행의 성지 인도!\r<br>\r<br> \r<br>\r<br>한국인들이 특히 많이 찾는 곳은 어디일까요?\r<br>\r<br>바라나시\r<br>한국인이 가장 많이 찾는 인도 도시 \r<br>인도 여행에서 바라나시는 결코 빼놓을 수 없는 도시이다. 매일 아침이면 사람들은 갠지스강 가트에 앉아 짜이를 마시고 몸을 씻는다. 여행자들은 이 곳에서 요가를 배우고 보트를 타고 나가거나 팔찌를 꼬기도 하지만 주로 아무것도 하지 않으며 시간을 보내곤 한다.\r<br>\r<br>아그라\r<br>한국인이 가장 많이 찾는 인도 도시 \r<br>인도의 랜드마크인 타지마할이 있는 곳. 수도인 뉴델리와 바라나시 사이에 있다. 입장료가 현지인에 비해 터무니없이 비싸지만 인도의 상징처럼 여겨지니 들러보는 게 좋다. 대부분의 여행자는 아그라에서 굳이 1박 이상은 하지 않는 편이다.\r<br>\r<br>조드푸르\r<br>한국인이 가장 많이 찾는 인도 도시 \r<br>영화 ‘김종욱 찾기’의 바로 그 블루시티. 골목 골목을 파랗게 칠해놓아 블루시티란 이름을 가졌다. 도시 자체가 그리 크지 않아 둘러보는데 오랜 시간이 걸리지 않으니 쉬엄 쉬엄 걸어보자. 김종욱은 없지만 정말 맛있는 계란 오믈렛이 당신을 기다린다.\r<br>\r<br>우다이푸르\r<br>한국인이 가장 많이 찾는 인도 도시 \r<br>조드푸르에서 아래쪽으로 조금(이라고 하기엔 7~8시간)만 내려가면 우다이푸르가 위치한다. 이전 메와 왕국의 수도로 화려한 건물들과 인공호수로 아름다운 모습을 자아내 다양한 헐리우드 영화의 배경이 되기도 했다. 유유자적 호수에 앉아 세밀화를 배워보는 것도 좋다.\r<br>\r<br>고아\r<br>한국인이 가장 많이 찾는 인도 도시 \r<br>인도에서 가장 자유로운 곳. 히피들의 성지 고아는 이전 포르투칼의 식민지 영향을 많이 받았다. 종교가 삶 그자체인 인도에서 고아는 무려 40%이상이 가톨릭교도이다. 아람볼과 안주나등 유명한 해변이 있고 그곳에서 매일 저녁 공연과 파티가 펼쳐진다.\r<br>\r<br>맥그로드간즈\r<br>한국인이 가장 많이 찾는 인도 도시 \r<br>인도 속의 작은 티벳 맥간. 이전 티벳이 중국으로 강제 합병 되었을 때 이곳 맥간에 티벳 임시정부가 세워졌다. 그래서인지 이곳에서는 티벳의 느낌을 한껏 받을 수 있다. 델리나 뭄바이 등 대도시에서 혼돈의 카오스를 느낀 후 찾는다면 맥간의 평화로움은 두 배가 될 것이다.\r<br>\r<br>함피\r<br>한국인이 가장 많이 찾는 인도 도시 \r<br>함피는 강을 사이에 두고 서로 다른 분위기의 마을이 형성되어 있는데 많은 여행자들은 강 건너 마을을 선호한다. 이유는 그곳에서는 술을 팔고 먹거리가 다양하며 더 멋진 자연이 펼쳐지기 때문이다. 바위언덕과 논 그리고 야자수의 풍경이 아름다운 곳이다.', 'India', 0, 4, '2019-12-04 04:57:38'),
	(32, 'root', '관리자', '한국 - 외국인이 사랑한 관광지', '우리나라에 엄청난 관광객들이 몰려오고 있는 글로벌한 시대이다. 과거에는 부산이나 서울을 제외하고는 외국인 관광객들이 거의 관심을 두지 않았는데 시대가 바뀌고 지방의 도시들도 좋은 곳들이 많아짐에 따라 전국에 외국인 관광객의 발길이 닿지 않는 곳이 없을 정도다. 외국인들이 한국 여행 시 가장 많이 찾는 여행지는 어디일까? 외국인이 사랑한 국내여행지 BEST 10이라는 제목으로 전국의 10군데 여행지를 소개하고자 한다. 우리에게는 익숙하게 알려진 관광지이겠지만 외국인들의 시선으로 보이는 관광지는 다를 것! 이번 봄에는 어디로 나들이를 갈 것인가를 미리 정해보자!\r<br>\r<br>1. 서울의 명동, 강남, 종로, 동대문\r<br>\r<br>\r<br>서울은 외국인들이 가장 접근하기 쉬우며 우리나라의 수도이다. 보통은 쇼핑 공간을 외국인들을 많이 좋아하는 편인데 유커들이 특히 명동과 동대문을 좋아하는 듯하다. 이제 명동 거리를 나가보면 우리나라가 아니라 외국에 온 것 같은 착각을 불러일으킬 정도로 외국인들이 많다. 즉 그들에게는 필수 코스로 자리매김했다는 이야기! 과거에 비하여 이런 거리들이 많이 깨끗해지고 서비스도 좋아졌다! \r<br>\r<br>\r<br>외국인이 가장 많이 찾는 명동의 경우 보행전용거리를 지정하여 정해진 시간에는 차를 못 들어오게 하는 정책을 시행 중이다. 사람이 걷는 거리에 차와 섞이게 되면 그만큼 큰 불편도 없을 테니 말이다. \r<br>\r<br>2. 제주도 서귀포와 중문\r<br>\r<br>\r<br>우리나라 사람에게 가장 좋은 국내여행지가 어딘가?라고 설문조사를 하게 되면 항상 1위가 제주도다. 제주도는 이국적인 자연이 비교적 잘 보존된 우리니라의 최고의 관광지이자 여행지이다. 제주도는 크게 제주시와 서귀포로 나뉘어 있는데, 서귀포는 자연을 그대로 보전된 화산섬이 많은 가장 아름다운 곳으로 많은 사람들의 발길을 붙잡고 있다. 외국인들 역시 제주도에서 가장 기억에 남는 지역이 어딘가?라고 물었을 때 서귀포라고 대답할 정도! 우리나라의 아름다운 자연이 함께 하는 지역임에는 틀림없다.\r<br>\r<br>\r<br>서귀포의 대표적인 숙박 시설이 있는 곳 중에서 중문 관광단지가 있다. 이곳은 우리나라에서 대표적인 브랜드 호텔이 즐비한 곳으로 그에 따른 부대시설이나 자연을 이용한 멋진 풍경을 선사하는 곳도 많다. 대표적인 유명 호텔과 자연을 함께 즐길 수 있는 곳이기 때문에 외국인들도 많이 찾는다고! \r<br>\r<br>3. 인천 송도\r<br>\r<br>\r<br>과거의 인천은 좀 어둡도 도시가 오래된 느낌이며 서울의 외곽 도시 같은 느낌이 많았다. 그러나 국제공항이 들어서고 센트럴파크 같은 대단위 신도시가 들어섬에 따라 옛 모습과는 다른 세련된 도시 이미지로 탈바꿈하였다. 특히 송도센트럴파크는 외국인들이 보기에 스마트하고 깨끗한 도시의 이미지로 감탄을 금치 못한다는데, 비교적 인천공항에서 가까워서 출발할 때나 도착 시 둘러보기에 아주 좋은 곳이다.\r<br>\r<br>\r<br>인천은 외국인들이 좋아하는 여행지이기도 하지만 한국인도 꼭 한 번은 가봐야 하는 곳이다. 멋진 호수와 아름다운 자연들 그리고 조화로운 빌딩 숲들이 우리나라에도 이런 멋진 도시설계적인 공간이 있구나 하는 생각을 하게 만든다.\r<br>\r<br>4. 부산 남포동과 서면\r<br>\r<br>\r<br>부산은 아름다운 도시다. 조금은 오래된 도시이기도 해서 옛 모습들이 아직도 많이 눈에 띄는 부분들이 있지만 그래서 더욱 정겹고 활력을 느끼기도 한다. 항구도시의 모습과 바다. 그리고 수산물이 많은 도시라 그만큼 볼거리도 풍부하다.\r<br>\r<br>\r<br>특히 국제시장과, 자갈치시장 그리고 용두산공원의 부산타워 근처에 가게 되면 도심에서 흔히 볼 수 없는 부산만의 시장이 형성되어 있는데. 이것이야말로 가장 볼거리를 많이 제공하지 않을까? 하는 생각이 든다. 유럽에 가면 그 나라 특유의 항구도시를 여행할 수 있듯이 부산에 오면 부산만이 가진 특유의 바다 향수를 느낄 수 있다.\r<br>\r<br>5. 강릉\r<br>\r<br>\r<br>강릉은 겨울의 도시. 평창 올림픽 때 한창 유행했던 말이다. 그러나 누가 강릉을 겨울의 도시라고 했던가? 봄이 되면 경포대 호수 주변에 엄청난 벚꽃들이 대 장관을 이룬다. 단일로는 가장 많은 벚꽃들의 운집을 한눈에 볼 수 있다. 경포해수욕장은 바다와 경포 호수가 합쳐지고 그에 더하여 봄 벚꽃이 합쳐지면 그야말로 천국에 온 기분이 들기도 한다. 꼭 꽃이 피는 봄에 이곳을 가보길 권한다.\r<br>\r<br>\r<br>6. 속초\r<br>\r<br>동해안의 강릉을 갔다고 한다면 속초도 빼놓을 수 없는 여행지이다. 속초는 중간에 호수가 있고, 다리로 이어진 곳을 지나 동명항과 설악산으로 크게 나눌 수 있는데 두 군데 다 빼어난 경치와 풍경을 자랑하는 곳이다. 동명항에 가면 정자를 보고 전망대에 올라가 속초를 내려다 보자. 무거운 마음의 짐을 덜어버릴 수 있을 것이다.\r<br>\r<br>\r<br>그리고 동명항의 대게를 꼭 먹어보길 추천한다. 보통 대게는 영덕에서 많이 잡히는데 요즘은 지구온난화로 인하여 더 북쪽인 속초에서도 더욱 호황인 듯하다. 큰마음을 먹고 대게 파티를 하는 것도 가장 즐거운 추억을 만드는 한 방법이다.\r<br>\r<br>7. 대구\r<br>\r<br>\r<br>대구는 우리나라의 중심에 있는 도시로 교통의 중심지이기도 하다. 보통 대구 하면 중심에 있는 이월드를 생각하기 마련! 대구도 모노레일을 타고 여행지를 다니면 정말 갈 곳이 많다. 대구 모노레일은 지하철 3호선. 대구사격장 > 달성 공원 > 대구예술 발전소 > 이월드까지 이어진 멋진 노선을 구축하고 있다.\r<br>\r<br>\r<br>그러나 필자는 대구의 도심 속 이미지보다는 비슬산이라고 하는 아름 더운 산을 소개하고 싶다. 봄이 되면 아름다운 풍경으로 유명하고 특히 철쭉이 정상에 군락을 이루는 곳으로 맑은 공기를 마시면서 걷기 가장 좋은 산이 아닌가 한다.\r<br>\r<br>8. 경주\r<br>\r<br>\r<br>대한민국의 역사를 알기 위해서는 경주로 여행을 가라는 말이 있는 것과 같이 경주는 신라의 고장이기도 하다. 그러나 봄에는 역시 경주는 벚꽃놀이가 가장 유명하다고 할 수 있다. 보문단지에 핀 벚꽃을 비롯하여 어딜 가더라도 분홍빛의 아름다운 꽃은 그야말로 절정을 이루기 바쁘다. 보문단지에서 자전거를 하나 빌려서 이 꽃길을 따라 달리게 되면 끝도 없는 벚꽃길을 맞이할 수 있을 것이다.\r<br>\r<br>9. 여수\r<br>\r<br>\r<br>여수는 엑스포의 고장으로 알려져 있다. 틀린 말은 아니다. 지금도 여수엑스포 박람회 장소 근처에 많은 볼거리가 제공되기 때문이다. 요즘에는 여수의 밤바다가 유명한데 여수 포차라든지 자산공원과 돌산공원을 잇는 케이블카로 많은 관광객을 불러 모은다.\r<br>\r<br>\r<br>자산공원에서 타는 여수 케이블카는 즐거움뿐만 아니라 타는 곳에서 바라본 풍경이 일품이다. 엠블호텔과 오동도가 보이는 위치에서 바다를 조망할 수 있다. 이곳에 올라오게 되면 여수가 이리 아름다운 섬이었다는 것을 새삼 느낄 수 있을 것이다.\r<br>\r<br>\r<br>또한 여수엑스포 전망대에 올라가면 박람회장을 내려다볼 수 있다. 여수엑스포의 빅 오 쇼는 꼭 한번 구경해보길 추천한다! 세계 어느 곳을 가더라도 이런 멋진 공연을 보기는 어려울 것이다. 멋진 공연과 바다의 싱그러움이 함께 하는 곳! 이제 여수는 외국인이 사랑하는 여행지로 발돋움하고 있다.\r<br>\r<br>10. 전주\r<br>\r<br>\r<br>보통이 국내 여행지들 중 경주 이외에는 우리의 오랜 것이라고 하기 보다 새로운 문명으로 만들어진 것이 더 많다. 그러나 전주는 과거의 영광을 되찾듯 옛 모습이 남아 있는 여행지이다. 전주한옥마을, 경기전, 그리고 그 밖의 주변의 체험장을 둘러보면 아주 재미있고 특색 있는 개성이 강하면서 우리의 오랜 전통을 벗어나지 않는 곳이 많다.\r<br>\r<br>\r<br>우리의 전통문화를 체험해 봄으로써 더욱 우리나라의 전통문화를 사랑하게 되고, 오랫동안 기억할 수 있는 여행이 될 것이다. 우리의 것으로 여행 상품을 만든 전주. 수도권과 거리도 가까워 외국인들이 더욱 많이 방문할 수 있는 곳이다. ', 'South Korea', 1, 5, '2019-12-04 04:58:26'),
	(33, 'root', '관리자', '콜럼비아 - 정보', '콜럼버스의 신대륙 개척 이후 아직 마땅히 그 땅덩어리를 이르는 고유명사가 정착되지 않았을 때부터 그 대륙 전체 혹은 그 땅의 특정 지역을 가리키는 명칭으로 쓰였다. 사실 아메리카라는 말이 해당 항목에서 알 수 있듯이 대륙의 이름으로 쓰이기 시작했을 때까지만 해도 남아메리카만을 가리키는 명칭이었고, 따라서 콜롬비아와 컬럼비아라는 명칭 역시 적지 않게 쓰였다. 하지만 가면 갈수록 왠일인지 일종의 와전에 가까운 아메리카라는 고유명사가 널리 쓰이기 시작하면서 이 땅이 콜롬비아와 컬럼비아라고 불리는 일도 차츰 사라졌다. 다만, 남아메리카의 국가명 콜롬비아로 그 이름이 널리 남게 되었고, 기타 스페인어권 라틴아메리카 여러 나라에서도 특정 고유명사로 쓰이게 되었고, 영어권인 앵글로아메리카에서도 이 콜럼비아라는 명칭이 여전히 특정 고유명사로 쓰이는 일이 많다', 'Colombia', 0, 2, '2019-12-04 04:59:24'),
	(34, 'root', '관리자', '페루 - 정보', '사막, 바다, 정글, 산맥, 고원, 협곡을 전부 볼 수 있는 나라. 자연경관을 보러 오는 사람들에게는 최고의 관광지 중 하나다.\r<br>\r<br>중앙부를 관통하는 안데스 산맥의 영향을 받아 지리적으로는 동부와 서부가 완벽히 분리된 경향을 보인다. 페루에서는 이를 산악지역 (Sierra), 해안가 (Costa), 열대우림 (Selva) 로 구분한다.\r<br>\r<br>서부 해안지대(Costa)는 훔볼트 한류의 영향을 받아 매우 건조한 경향을 띄며 최북단의 툼베스 지역을 제외하고는 사막기후를 띄고 있다고 봐도 과언이 아니다. 다만 한류(해류)의 영향이 강한 편이기에 위도상으로 매우 더워야 할 지방이지만 의외로 찌는 듯한 온도로 올라가지는 않는 편이며, 남아프리카의 나미브 사막처럼 비는 오지 않는데 날씨가 전반적으로 우중충한 편이 많다.사막의 종류로서는 자갈 사막이 다수를 차지하고 있으며, 나스카와 이카 일부 지역에서는 사구가 생기는 모래 사막도 종종 발견된다. 다만 안데스 산맥에서 발원하는 여러 강들이 있으며 이 주변으로 범람원이 상당수 발생하여 트루히요, 리마와 같은 대도시도 상당수 발전한 경향이 있다.\r<br>\r<br>중부 산악지대(Sierra)는 5,000m 이상의 고산들과 평탄한 고원들이 넓게 펼쳐진 지대가 혼재되어 있다. 특히 남부 지역의 쿠스코의 경우는 XP 배경화면을 떠올리게 하는 평탄한 고원지대로 이루어져 있으며, 과연 이것이 3,000m 이상의 고원지대인지 의심이 될 정도로 넓게 펼쳐져 있다. 다만 5,000m가 넘는 산악에 자리한 마을도 상당수 있으며, 특히 북부 Huaraz 지역은 안데스 트래킹의 베이스캠프로도 자주 이용된다. 기후는 전형적인 아열대고원기후 지역이라고 할 수 있으며, 3,500m 이상이 되는 지역에서는 냉대, 한대 기후가 번갈아가며 나타나고 있다. 이러한 넓은 평야와 상춘 기후, 빙하에서 흘러나온 영양이 풍부한 토양으로 인하여 고대 잉카 문명이 꽃피울 수 있었다.\r<br>\r<br>동부 열대우림 저지대(selva)는 페루 전체 면적의 60% 정도를 차지하고 있으나 열대우림 특성상 큰 도시가 발전하지는 못하는 특성을 지니고 있다. 아마존 강의 상류 지역으로 중심 도시는 북부의 이퀴토스(Iquitos)다. 전형적인 열대우림기후로 2,000mm가 넘어가는 강수량에 40도가 넘는 찌는 듯한 더위, 다양한 날벌레들이 반겨주는 지역이다.\r<br>\r<br>정글에서 산맥, 고원, 바다 등 다양한 자연환경과 지형들을 띄고 있는 국가인지 콘도르, 비쿠냐, 기니피그, 안경곰, 아르마딜로, 오셀롯, 재규어, 퓨마, 맥, 개미핥기, 들개, 카피바라, 큰수달, 나무늘보, 페커리, 사슴, 원숭이, 앵무새, 카라카라, 카이만악어, 이구아나, 뱀, 매너티, 모르포나비, 헤라클레스 장수풍뎅이, 개구리, 피라루크, 피라냐, 박쥐, 벌새, 바다사자, 물개, 훔볼트펭귄, 호아친, 얼가니새, 주머니쥐, 고래, 돌고래 등 여러 다양한 종류의 야생동물들이 서식, 분포하고 있다.', 'Peru', 0, 4, '2019-12-04 04:59:52'),
	(35, 'root', '관리자', '러시아 - 정보', '러시아 연방 또는 러시아는 동유럽에서 북아시아까지 걸쳐있는 유라시아 국가이다. 수도는 모스크바(Москва), 공용어는 러시아어이다.\r<br>\r<br>국토 면적이 17,125,407km²로 국가별 국토 면적 순위 1위를 자랑한다. 러시아의 면적은 유럽, 오세아니아, 남극 대륙 전체보다 넓은 나라이며 남아메리카 대륙보다는 조금 작다. 대한민국의 170배(...), 한반도 전체의 76배 정도라 생각하면 된다. 국토 최서단인 칼리닌그라드에서부터 최동단인 추코트카까지 총 11개의 시간대를 사용하며, 국토가 넓은 관계로 도로 수송보다 항공, 철도 수송에 의존한다. 국토가 춥고 황량하다는 인식이 있지만 실제로는 비옥한 땅도 많아서 국토 면적 중 경작지가 1,237,294km²로 전 세계 4위이다.[15] 아울러 천연자원에 있어서도 세계 최대 천연가스 매장국, 석유 매장량 8위, 석탄 매장량 2위를 자랑하는 등 경제의 많은 부분을 천연자원 수출에 의존하고 있다. 인구도 꽤 많아서 세계 9위다.\r<br>\r<br>세계에 현존하는 국가들 중 가장 넓은 영토를 보유한 나라답게 접경 국가도 매우 많다. 서쪽으로 노르웨이, 핀란드, 에스토니아, 라트비아, 벨라루스, 우크라이나와 접경하고 있다. 월경지인 칼리닌그라드까지 포함하면 폴란드, 리투아니아와도 접경하고 있으니 국토 서부의 접경국만 8개국이다. 그뿐 아니라 남쪽으로도 조지아, 아제르바이잔, 카자흐스탄, 몽골, 중국, 북한까지 6개국과 접경하니 총 14개국과 국경을 맞대고 있다. 또 남쪽으로 사할린 섬에서 오호츠크 해를 사이에 두고 일본과 마주보며[16] 동쪽으로 베링 해를 사이에 두고 미국과 마주보고 있다.[17]\r<br>\r<br>1945년 UN 창설 당시 원년 회원국이며, 1991년에 소비에트 연방을 승계[18]한 이후 현재 UN 상임이사국으로 있다. G20의 참가국이다. 기존 G8의 라스트 멤버이기도 했다. 또한 중국, 중앙아시아 국가들과 함께 상하이협력기구의 회원국이기도 하다. 독립국가연합의 창설국 중 하나이며, 2012년 1월에는 유라시아 연합을 창설했다. 브릭스 (BRICS)에서 R이 러시아다.\r<br>\r<br>병력수는 징병제로 84만의 상비군 대군을 유지하고 있다(5위) 액티브 국방비 지출은 4위다. # (연합뉴스 기사에서도 4위라고한다#)\r<br>\r<br>핵무기 보유량 1위 국가고 # ICBM SLBM 기술 모두 가지고 있으며 #, # 미국과 마찬가지로 유인우주선, 우주도킹#, #도 자력으로 할 수 있는 나라다[19].\r<br>\r<br>군사무기 수출은 2위이다.[20] 특히 이 나라가 개발한 아이돌급 인기의 총기는 최고의 히트상품으로 정평이 나있으며, 모잠비크의 국기에도 그려져 있을 정도로 반서방 저항운동의 상징이 되었다.\r<br>\r<br>GDP는 12위 정도인데 다음 GDP IMF 순위 우크라이나 유로마이단 사태로 인한 서방의 제재와 셰일가스와 사우디의 증산에 따른 유가 파동 여파가 크다. PPP는 6위다. IMF 투표권 9위 영어위키백과 IMF Voting power, 금 보유고 5위 영어위키백과 Officially reported holdings, AIIB에서 중국과 인도 다음으로 발언권이 높다. 외환보유고 5위 #', 'Russia', 0, 4, '2019-12-04 05:13:41'),
	(36, 'root', '관리자', '러시아 - 맛집', '식당을 찾을 땐 현지인에게 레스토랑 추천을 받는 것도 좋지만 이 경우엔 너무 ‘현지스러움’이 묻어날 수 있으므로 한국 관광객들이 주로 가는 식당의 후기를 살펴본 뒤 먹어보는 것도 방법이다. 오늘은 하나의 모험이 될 수 있는 러시아 음식 중에서도 가장 대중적인 세 가지를 꼽아보았다. 또한 러시아에서 한국이 그리울 때 찾아가 봐야 할 곳도 지금 소개하려고 한다. (글/ 사진 : 스증스증)\r<br>\r<br>\r<br>\r<br>러시아 자유여행,\r<br>꼭 먹어봐야 할 러시아 음식 3가지!\r<br>\r<br>붉은색 보르쉬 수프와 샤워크림\r<br>01. 러시아 국민 수프, 보르쉬\r<br>보르쉬는 러시아와 폴란드에서 즐겨 먹는 수프로 우리나라의 김치찌개나 된장찌개 같은 국민 수프라 할 수 있다. ‘보르스치’라고 부르기도 하는데 들어가는 재료에 따라 맛과 모양이 다양해지지만 일반적으로 접할 수 있는 보르쉬는 비트 뿌리를 넣어 만들어 진한 붉은빛이 돈다. 양배추, 고기 등을 넣고 함께 끓여내며 요구르트나 샤워크림을 곁들여 먹기도 한다. \r<br>\r<br>처음 접하면 그 생소한 맛이 낯설지만 묘한 중독성을 가지고 있다. 따뜻하게 먹는 것이 보통이며 여름철에는 차갑게, 끼니 대용으로 먹을 땐 숟가락이 세워질 만큼 걸쭉하게 먹기도 한다.\r<br>\r<br>\r<br>\r<br>\r<br>블라디보스토크에서 먹은 치킨펠메니. 물에 삶아내어 깔끔 담백한 맛이었다.\r<br>02. 그대가 좋아할 만두, 펠메니\r<br>한 입 가득 우물거리면 향과 육즙, 재료들이 골고루 퍼져 입안을 즐겁게 만들어주는 만두. 러시아에도 만두가 있다. 다양한 종류가 있지만 그중 쉽게 접할 수 있는 것이 펠메니. 작은 사이즈여서 한입에 쏙 먹기 편한 펠메니는 직접 빚어 삶아 내 우리나라의 물만두와 비슷하다. 잘 삶은 펠메니를 그냥 먹으면 담백한 맛이 일품이고 새콤한 샤워크림에 찍어 먹으면 상큼한 맛이 잘 어울린다.\r<br>\r<br>\r<br> \r<br>이르쿠츠크와 상트페테르부르크에서 먹었던 펠메니.\r<br>추운 겨울철에 러시아를 여행한다면 치킨 수프 with 펠메니를 먹어보자. 닭 육수에 펠메니를 넣은 것으로 우리나라 만둣국과 비슷한 느낌이다. 따끈하게 한 술 뜨면 몸도 녹아내리고 깔끔하면서도 시원 따끈한 맛에 “좋다.”라는 추임새가 절로 나온다. \r<br>\r<br>\r<br>\r<br>\r<br>꼬치구이 샤슬릭 풍부한 육즙이 맛이 좋았다.\r<br>03. 누구나 맛있어할 샤슬릭\r<br>고기 요리는 해외에서도 실패 확률이 적은 음식이다. 러시아에서 고기 요리가 먹고 싶거나 가장 유명한 음식을 접해보고 싶다면 샤슬릭을 추천한다. 샤슬릭은 우리나라의 ‘꼬치구이’와 비슷하다. 소, 돼지, 양, 닭 등 각종 고기류를 비롯해 채소류를 꼬치에 꽂아 숯불에 구워내 우리 입맛에도 친근하다. \r<br>\r<br>숯에서 훈연해 나오기 때문에 숯 향이 고스란히 배어 있어 코로 한 번 먹고 입으로 또 한 번 먹는다. 가게에 따라 토르티야가 나오는 곳도 있어 각종 채소류와 함께 싸서 토르티야처럼 먹어도 맛이 좋다. \r<br>\r<br>\r<br>\r<br>러시아 여행 Tip Point.\r<br>타지에서 익숙한 맛을 찾다.\r<br>\r<br>고려인들이 먹는 냉면. 기호에 따라 고춧가루를 첨가하면 더욱 칼칼한 맛으로 즐길 수 있다.\r<br>낯설지가 않는 곳, 고려인 식당\r<br>러시아를 비롯한 우크라이나, 카자흐스탄 등 중앙아시아 지방에 살고 있는 우리 한인 교포들을 고려인이라 칭한다. 스탈린의 분리, 차별정책으로 인해 쫓겨나듯 중앙아시아로 강제 이주를 당한 슬픈 역사가 있으나 강한 생명력으로 지금까지 생활을 이어오고 있다. 러시아에서 ‘한식당’을 찾게 되면 고려인이 운영하는 식당인 경우가 많다. 한식과 아주 같은 맛은 아니지만 그리움을 달래기엔 괜찮다. \r<br>\r<br>만약 고려인이 운영하는 식당에 방문하게 되었다면 ‘국시’를 먹어보자. 고려인들이 먹는 냉면이라 생각하면 이해가 빠르다. 시원하고 짭짤한 육수에 쫄깃한 면과 푸짐한 고명을 같이 먹는 맛이 일품이다. 엉성한 한식 맛보다는 국시 한 그릇이 더 좋은 경험이 되고 만족스러운 식사가 될 수 있다.\r<br>\r<br>\r<br>\r<br>\r<br>상트페테르부르크 여름궁전\r<br>이 외에도 러시아에서 먹을 수 있는 음식은 달콤한 팬케익인 블린, 생선 알 이끄라, 고기 파이인 삐록 등 다양하다. 생소하다 하여 외면하기보다는 하나의 경험이라 생각하고 즐거운 마음으로 먹어보자. 혹시 알까? 러시아에서 먹어본 음식이 ‘인생 음식’이 될지도!\r<br>', 'Russia', 0, 4, '2019-12-04 05:14:35'),
	(37, 'root', '관리자', '콜럼비아 - 관광지', '시대에 뒤떨어 진 모든 아이디어를 마약 전쟁과 갱스터와 같이 버려두십시오. 콜롬비아는 자신감이 넘치고 더 먼저 평화 롭고 번영하는 미래로 뛰어 드는 나라라는 것을 알게 될 것입니다. 대조를 이루는이 땅에서는 눈 덮힌 안데스 산맥, 열대 아마존 정글, 터키석 카리브 해안 및 태양 키스 사막 두 개를 만날 수 있습니다. 보고타 (Bogotá)와 메 델린 (Medellin)의 분주 한 도시에서부터 살 렌토 (Salento)와 밀 컴스 (Mompox)의 조용한 식민지 마을에 이르기까지 다양한 명소가 있습니다. 무엇보다, 유명한 콜롬비아의 환대는 의심 할 여지없이 당신이 더 많이 돌아올 것을 발견 할 것입니다.\r<br>\r<br>1 메 델린\r<br>\r<br>\r<br>메 델린\r<br>\r<br>보고타 (Bogotá)는 콜롬비아 수도 일지 모르지만 방문자의 마음을 사로 잡는 작고 관리하기 쉬운 메 델린 (Medellin) 도시입니다. 메 델린은 1990 년대 초반 세계에서 가장 위험한 도시로 불 렸습니다.하지만 25 년 후, 그것은 완전히 다른 무언가, 즉 혁신에 대한 명성을 얻었습니다. 이 도시는 언덕에있는 정착지를 아래 골짜기의 현대적인 지하철 시스템, 울창한 "생태 공원"의 녹지, 가장 가난한 이웃에있는 눈에 띄는 도서관 및 커뮤니티 센터에 연결하는 케이블카를 자랑합니다.\r<br>\r<br>관광의 좋은 하루는 올드 쿼터에서 시작될 것입니다. 보테로 플라자이곳에는 사랑하는 콜롬비아 출신 예술가 인 페르난도 보테로 (Fernando Botero)가 기증 한 23 점의 조각품 컬렉션이 있습니다. 광장에 인접해야합니다 - 방문 안티오키아 박물관 그리고 타격 라파엘 우리베 문화 궁전. 매끄러운 에스컬레이터 시스템을 타고 마을 위의 언덕으로 향하십시오. Comuna 13 이 이웃의 다채로운 주택과 정교한 거리 벽화를 탐험 해보십시오. 메 델린에서 가장 유행하는 코뮌에서 하루를 마무리하고, 엘 포 블라도어디에서 윙윙 거리는 식당, 부티크 상점 및 대도시 호텔의 대다수를 찾을 수 있습니다.\r<br>\r<br>숙박 시설 : Medellin에서 머무를 곳\r<br>\r<br>2 에제 카페 테로\r<br>\r<br>\r<br>에제 카페 테로\r<br>\r<br>세계에서 세 번째로 큰 커피 원두 생산국 인 콜롬비아는 시음회와 관광을위한 환상적인 나라입니다. 대다수의 생산은 아르메니아, 페레이라 및 마니 살레스의 작은 도시 사이의 보고타 서쪽 아열대 언덕에서 발생합니다. Eje Cafetero (또는 커피 축)로 알려진이 지역은 최근 몇 년 동안 투어, 시식 및 풍성한 농장 체류를 위해 대중에게 자신의 사업을 개방 한 커피 농장이 늘어나는 곳입니다. 이 작고 (그리고 종종 유기농) 농장은 농부 소유주가 낮 시간을내어 겸손한 "체리"가 언젠가 불에 구워 질 커피 원두가되는 과정을 설명하는 곳입니다 라떼 백 집에.\r<br>\r<br>작은 리조트 타운 살 렌토 근처에 수많은 농장 투어와 할 일이 많아서 쉽게 자신을 기반으로하는 가장 매력적인 장소입니다. 또한 다음과 같은 명소에 쉽게 액세스 할 수 있습니다. 코코라 밸리, 세계에서 가장 높은 야자수의 고향. 살 렌토 (Salento)에서 자전거를 빌려 스팀을 타고 지역을 탐험하거나 마을의 사실상 택시로 사용되는 구식의 윌리 지프 (Willy jeeps) 중 한 곳을 타고 탈 수 있습니다.\r<br>\r<br>숙박 시설 : Salento에서 숙박 할 곳\r<br>\r<br>3 카르타헤나\r<br>\r<br>\r<br>카르타헤나\r<br>\r<br>카르타헤나는 콜롬비아의 카리브 해안의 왕관 보석이며 아메리카 대륙에서 가장 잘 보존 된 식민지 목적지 중 하나입니다. 산책하다 구시 가지 다른 시대로 시간을 거슬러 올라간 것처럼 느낄 수도 있습니다. 어쩌면 13 세기에 지어진 벽이나 화려한 식민지 시대의 건축물 일 것입니다. 미궁 거리를 따라 펼쳐진 부겐빌레아가 덮인 발코니이거나 모든 광장 위에 탑승하는 가톨릭 교회 일 것입니다. 그것이 무엇이든 방문자는 도움을 줄 수는 없지만이 카리브해의 매력에 빠지게됩니다. 세계 유산 목록에 등재 된 유서 깊은 구역을 넘어서면 더 새롭고 세련된 도시의 일부가 보카 그란데 반도, 고급 콘도, 노천 카페 및 최고의 레스토랑은 모두 주요한 바닷가에 자리 잡고 있습니다.\r<br>\r<br>숙박 시설 : 카르타헤나에 머무를 곳\r<br>\r<br>4 레티샤\r<br>\r<br>\r<br>다람쥐 원숭이, 레티샤\r<br>\r<br>아마존을 그리고 콜롬비아가 염두에 두는 첫 번째 국가가 아닐지도 모른다. 국가의 3 분의 1 정도가 그 두꺼운 (그리고 종종 꿰 뚫을 수없는) 정글에 덮여 있기 때문에 이상하다. 광대 한 아마존 분지의 수도 인 레티샤 (Leticia)는 콜롬비아가 브라질과 페루에 대항하여 강력한 아마존 강 유역을 따라 자리 잡고 있습니다. 레티샤는 생태 관광, 야생 동물 사파리 또는 아마존으로의 하이킹을위한 훌륭한 기반을 마련하여이 지역의 고향이라고 불리는 원주민 부족에 ​​대해 알 수 있습니다. 여기에 도착하는 유일한 방법은 보고타에서 출발하는 비행기로, 브라질의 마나우스로가는 하차 또는 페루의 이키 토스 (Iquitos)로가는 보트를 타고 앞으로 갈 수 있습니다.\r<br>\r<br>\r<br> \r<br>\r<br>5 테로 나 국립 자연 공원\r<br>\r<br>\r<br>테로 나 국립 자연 공원\r<br>\r<br>야자 그늘과 맑은 연안 산호초로 유명한 보호 된 테로 나 국립 자연 공원 내에 콜롬비아 최고의 해변이 있습니다. 대부분의 해변은 시에라 네바다 데 산타 마르타 (Santa Marta)의 극적인 산맥을 배경으로하고 있으며 열대 우림 지대가 해변 휴가를 즐기기에 좋은 곳입니다. Tayrona는 또한 보호 구역 근처에서 스노클링을 즐길 수있는 환상적인 장소입니다. 라 피시 나 해변과 카보 산 후안. 멀리 떨어져 있지만 외딴 해변은 비밀이 아니기 때문에 비수기 인 2 월에서 11 월까지 대규모 군중을 피하기 위해 방문하는 것이 가장 좋습니다. 또한, 호화로운 Ecohabs Tayrona를 지불하지 않는 한 많은 해변 캠프장에서 텐트 (또는 해먹)에서 잠을 잘 수 있도록 준비하십시오.\r<br>\r<br>6 보고타\r<br>\r<br>\r<br>La Candelaria, 보고타\r<br>\r<br>콜롬비아 방문객 대부분은 불가리아 국영 도시인 보 고타에서 여행을 시작합니다. 그것은 종종 의견을 나누는 도시입니다. 일부 사람들은 그 거리의 황량한 날씨와 끔찍한 날씨에 대해 불평하며, 다른 이들은 식민지 매력과 도시의 세련미의 독특한 조화로 치유됩니다. 어느 쪽이든, 800만의이 도시는 충분한 시간을주는 사람들에게 성장하는 경향이 있습니다. 역사적인 중심부에서 관광을 시작하십시오. 라 칸델라 리아인상적인 건물 안감을 볼 수 있습니다. 볼리바르 광장 눈부시게 빛나는듯한 문화 명소를 놓칠 수 없습니다. 골드 오브 뮤지엄. 그런 다음에있는 부유 한 지역으로 향하십시오. 노스 보고타 전국 최고의 부티크 샵과 요리사가 운영하는 레스토랑의 경우\r<br>\r<br>숙박 : 보고타에 숙박 할 곳\r<br>\r<br>7 잃어버린 도시\r<br>\r<br>\r<br>잃어버린 도시\r<br>\r<br>콜롬비아에서 가장 인기있는 하이킹은 의심 할 여지없이 1970 년대에 재발견 된 시에라 네바다 데 산타 마르타 산맥 깊숙한 곳에 숨어있는 잃어버린 도시인 시우다드 퍼디다 (Ciudad Perdida)까지의 4 일간의 44 킬로미터 길이의 트레킹입니다. 8 세기와 14 세기 사이에 테로 나 인디언에 의해 건축되고 점령 된이 고대 도시는 아메리카 대륙에서 발견 된 가장 큰 콜럼부스 정착지 중 한 곳으로 알려져 있습니다. 이 지역의 대부분은 두꺼운 정글 이불 밑에 묻혀 있습니다.이 지역의 현대 주민들은 굴착을 금지했습니다.하지만 돌 계단과 계단이 뛰어난 모양을하고 있음을 알 수 있습니다. 혼자서이 사이트를 방문하는 것은 불가능하므로 사전에 산타 마르타에서 투어를 예약해야합니다.\r<br>\r<br>8 프로 비던 시아 섬\r<br>\r<br>\r<br>Lovers Bridge, 프로 비덴 시아 섬\r<br>\r<br>이 기이 한 카리브 해 섬은 처음으로 많은 방문객들을 당혹스럽게합니다. 우선, 니카라과는 콜롬비아에 훨씬 가깝다. 그렇다면 주민들이 스페인어를 사용하지 않고 영어를 사용하는 크리올 어를 사용한다는 사실이 있습니다. 물론, 콜롬비아 깃발 아래에서 가장 아름다운 해변에서 햇볕을 쬐는 것이 중요 할 때 중요합니다. 황금빛 모래와 거친 야자수의 덩어리가 아닌이 고립 된 섬은 유네스코 보호의 보석입니다. 해바라기 생물권 보호 구역 세계에서 가장 위대한 해양 생물 다양성이 탐험을 기다리고 있습니다. 먼저 인기있는 광고를 중단해야합니다. 산 안드레스 섬 Providencia에 도착하기 위해 짧은 호퍼 비행기 또는 3 시간짜리 뗏목 타기를 타십시오. 일단 거기에, 당신은 작은 마을에서 코티지와 호텔의 가장 큰 컬렉션을 찾을거야 아구아 둘스 섬의 놀라운 서해안에\r<br>\r<br>9 Mompox\r<br>\r<br>\r<br>Mompox\r<br>\r<br>마법의 사실주의 애호가들과 가브리엘 가르시아 마르케스 (Gabriel García Mrquez)의 저서는 몽omp의 졸린 매력에 빠질 것입니다. 그것은 노벨상 수상자의 <미궁에있는 장군>의 저서에서 두드러지게 특징적이며, 가장 유명한 소설 <백년의 고독>에서 허구의 마콘도 (Macondo) 마을의 영감으로 여겨진다. Mompox는 "El Libertador"Simón Bolívar가 이웃 베네수엘라를위한 독립을 얻기 위해 그의 군대를 모집 한 곳으로 유명한 카리브 해안과 안데스 산맥 사이의 무역로에서 한 번 번영 한 장부였습니다. 이제 막달레나 강의 진흙 투성이 해안을 따라 식민지 풍의 유적이 진실로 잊혀진 도시입니다. 그것이 할 일이 많지는 않지만, 많은 방문객들은 자갈길을지나 산책하는 것보다 훨씬 더 많은 시간을 보냈습니다. 식민지 건축의 분위기에 젖어있는; 또는을 통해 보트 여행을 복용 피지 니노 늪, birders를위한 대중적인 매력.\r<br>\r<br>\r<br> \r<br>\r<br>10 라 구아 기라 반도\r<br>\r<br>\r<br>라 구아 기라 반도\r<br>\r<br>남미에서 가장 북쪽에있는 지점이기 때문에 La Guajira는 대륙 어디에도 다른 점이 있습니다. 이 먼 곳과 조금 방문한 반도는 사방이 우거진 모래 언덕, 새들이 덮인 맹그로브 습지 및 오렌지 갈색의 라 구아 기라 사막이 터키석 카리브해와 만나는 광대 한 텅 빈 땅의 조용한 오아시스입니다. 토착민의 신념은 반도가 스페인 통치하에 결코 정복 당하지 않았고 오늘날까지도 활기찬 문화를 유지하는 자부심을 가진 Wayuu 족의 고향이기 때문에 이곳 토지의 법입니다.\r<br>\r<br>관광은 La Guajira에서 여전히 새롭다는 것을 명심하십시오. Riohacha의 수도에서 타는 것은 인내심과 모험심을 필요로합니다. 메카의 윈드 서핑 카보 드 라 벨라 가장 많은 관광 인프라를 갖추고 있으며이 지역으로의 진입이 가장 용이 할 것입니다.\r<br>\r<br>11 하시엔다 나폴\r<br>\r<br>\r<br>하마, Hacienda Nápoles FICG.mx / 사진 수정\r<br>\r<br>콜롬비아의 최근 역사상 큰 무리가 남아있는 사람이 있다면 억만 장자 마약 밀매 인 파블로 에스코바 (Pablo Escobar) 다. 소수의 사람들이 Medellin에서 동쪽으로 110 마일 떨어진 Puerto Triunfo의 Escobar가 건설하고 소유 한 호화로운 부동산을 실제로 방문 할 수 있다는 사실을 알고 있습니다. Hacienda Nápoles라고 알려진 거대한 복합 단지는 Escobar가 1993 년 사망 한 후 10 년 만에 파손되었다. 그러나 지방 자치 단체는 2000 년대 중반 부동산을 관리하여 모든 것을 - 계속 성장하는 놀이 공원 테마 구역, 호텔, 수상 공원 및 사파리 스타일 동물원을 절충주의의 혼합으로 장식했습니다.\r<br>\r<br>오락과 호텔은 새로운 것이지만 Escobar의 흔적은 어디 에나 있습니다. 그의 골동품 자동차 수집은 옛 대저택의 폐허 옆에 전시되어 있으며, 미국에 마약을 밀수입 한 세스나 비행기 중 하나가 출입구 꼭대기에 자리 잡고 있으며, 그의 유산과 씨름하는 작은 박물관이 있습니다. 또한 아들과 야생 하마 무리를 위해 구입 한 실물 크기의 공룡 복제품으로 가득한 쥬라기 지역이 있습니다. 무거운 출산으로 4 년에서 40 년 사이에 자란 아프리카에서 가장 큰 무리를 대표합니다.\r<br>\r<br>12 카노 크리스탈 스\r<br>\r<br>\r<br>카노 크리스탈 스\r<br>\r<br>Caño Cristales는 게릴라 전사들의 손에있는 동안 수십 년 동안 한계를 벗어나지 만, 공식적으로 사업에 다시 돌아 서서 이전보다 많은 관광객을 환영합니다. 대부분의 방문객들은 Orinoquía 지역의이 먼 강 계곡을 방문하여 폭포 사이를 하이킹하고 자연 수영장에서 목욕합니다. 어느 계절에 여행할만한 가치가있는 반면, 협곡은 조류가 피어서 강바닥을 무지개 색깔로 바꿀 때 7 월과 11 월 사이에 특히 프리즘 형입니다. 고립 된 전초 기지 라 마카레나 Caño Cristales 로의 여행을위한 기반이며 Bogotá 또는 Villavicencio에서 오는 항공편 만 이용할 수 있습니다.', 'Colombia', 0, 4, '2019-12-04 05:16:30'),
	(38, 'root', '관리자', '일본 - 맛집', '규카츠 모토무라 시부야점 (牛かつ 本村 渋谷店)오전 9:00\r<br>도쿄 최고의 규카츠 맛집\r<br>\r<br>ⓒFlickr_TAKA@P.P.R.S\r<br>\r<br>\r<br>\r<br>규카츠라고 들어는 보았나! 너~무 맛있다고 소문이 자자해 한국에서도 가게들이 생기고 있지! 도쿄에서는 모토무라의 규카츠를 꼭 먹어봐야 해! 겉은 바삭한테 속은 엄청 부드러워 그냥 녹는다구 +_+ 먹기좋은 크기로 잘려나온 규카츠를 불판에 적당히 익혀먹으면, 입이 호강할거야!  \r<br>\r<br>도쿄맛집도쿄 먹방여행규카츠모토무라 규카츠\r<br>Bianca2015/12/30 12:26좋아요12댓글0공유하기 (뷰당 최대 3p 지급)\r<br>스시노 미도리 (寿司の美登利, Sushino Midori)오전 10:00\r<br>일본에서 스시가 빠질 수 있나!\r<br>\r<br>ⓒFlickr_Joshua Rappeneker\r<br>\r<br>\r<br>\r<br>도쿄에서 스시하면 미도리스시 vs 스시잔마이라며? 둘 다 줄서서 먹어야 할 정도로 인기가 많은 집이라구 해! 그 중에서도 난 미도리스시를 추천할게! 살살 녹는 회는 물론이고 밥의 식감까지 살아있다구! 조금 기다려야 하지만 그만큼의 맛이 보장되니 스시도 놓치지 말자+_+!\r<br>\r<br>미도리스시도쿄맛집스시맛집도쿄 미식여행\r<br>Bianca2015/12/30 12:29좋아요5댓글0공유하기 (뷰당 최대 3p 지급)\r<br>나베조 신주쿠 3초메점 (鍋ぞう 新宿三丁目店, Nabezo Sanchome)오전 11:00\r<br>일본 대표 소고기요리, 스키야키를 먹어볼까?\r<br>\r<br>ⓒFlickr_Jon Åslund\r<br>\r<br>\r<br>\r<br>이제는 우리에게도 익숙한 샤브샤브! 일본식으로 제대로 즐겨보자구! 얇게 저민 소고기를 달달한 간장 베이스 육수에 넣어 고소한 달걀에 찍어먹는 스키야키! 추울 땐 역시 국물요리지 ㅇㅅㅇ!\r<br>\r<br>\r<br>\r<br>\r<br>ⓒFlickr_Jon Åslund\r<br>\r<br>\r<br>\r<br>신주쿠에 위치한 스키야키 전문점 나베조에서는 정해진 시간동안 신선한 고기와 야채를 무한으로 가져다 먹을 수 있다구! 육수도 자신이 좋아하는 걸로 선택할 수 있으니 배 터질때까지 먹고오자 >_<\r<br>\r<br>스키야키샤브샤브신주쿠도쿄 맛집도쿄 먹방여행\r<br>Bianca2015/12/30 15:01좋아요6댓글0공유하기 (뷰당 최대 3p 지급)\r<br>멘야무사시 신주쿠 본점 (麺屋武蔵 新宿本店)오후 12:00\r<br>일본 라멘 경연대회 1등에 빛나는 라멘집\r<br>\r<br>ⓒFlickr_Richard, enjoy my life!\r<br>\r<br>\r<br>\r<br>한국에서 먹는 일본라멘 말고, 진짜 라멘을 먹으러 가보자! 라멘 대회에서 1등을 수상했다는 이 집은 식사시간이 되면 항상 줄이 길게 늘어선다구! 기본적인 라멘들도 맛있지만 국물을 따로 찍어먹는 츠케멘이 맛있다고 해! 약간 짜기 때문에 호불호가 있을 수 있지만, 신주쿠 최고의 라멘집이라니, 한번쯤 가보는 것도 좋겠다!\r<br>\r<br>Bianca2015/12/30 12:40좋아요12댓글0공유하기 (뷰당 최대 3p 지급)\r<br>레드 로그 타카다노바바점 (レッド ロック 高田馬場店, Red Rock)오후 1:00\r<br>때깔부터 다른 스테이크 덮밥이 있다구!\r<br>\r<br>ⓒnaverblog_Jeeey\r<br>\r<br>\r<br>\r<br>일본하면 돈부리가 유명하지? 이번엔 분홍빛의 스테이크를 얹은 스테이크 돈부리를 먹어보자! 우아한 자태를 자랑하는 이 한그릇을 만원이면 만나볼 수 있다구! 입에서 살살녹는 고기에, 밥까지 먹으니 아주 든든한 한끼가 아닐 수 없지 ㅇㅅㅇ!\r<br>\r<br>Bianca2015/12/30 15:10좋아요5댓글0공유하기 (뷰당 최대 3p 지급)\r<br>아사쿠사 멘치 (浅草メンチ)오후 2:00\r<br>아사쿠사 명물, 고로케\r<br>\r<br>ⓒ浅草メンチ\r<br>\r<br>\r<br>\r<br>곱게 다진 고기에 양파 등 재료를 넣고 바삭하게 튀겨낸 멘치카츠! 아사쿠사에서 꼭 먹고가야 할 명물로 꼽힌다구! 하나에 2천원이라 부담없이 먹기에도 좋지! 바삭바삭 육즙을 가득 머금은 고로케, 먹으러 가야겠지? 뜨거우니 호호 불면서 먹자구! 하나로는 부족하다면 이곳의 카레빵도 추천할게^_^\r<br>\r<br>아사쿠사 멘치카츠고로케일본 간식길거리음식\r<br>Bianca2015/12/30 15:48좋아요4댓글0공유하기 (뷰당 최대 3p 지급)\r<br>우나테츠 아사쿠사역전 본점 (うな鐵 浅草駅前 本店)오후 3:00\r<br>장어 한마리를 통째로!\r<br>\r<br>ⓒinstagram_apple0728\r<br>\r<br>\r<br>\r<br>왜 때문인지 일본하면 장어요리가 생각나! 맛있게 구운 장어한마리가 통째로 올라가는 덮밥을 파는 집이 있어 인기라구! 이곳은 한국인들이 많이 방문해서인지 한국어 안내도 잘 되어있어>_< 가격은 살짝 사악하지만, 맛보지 않으면 후회할 정도로 엄청 맛있다고 해! 한번쯤은 비싼밥도 먹으면서 여행하자구!\r<br>\r<br>Bianca2015/12/30 15:43좋아요10댓글0공유하기 (뷰당 최대 3p 지급)\r<br>파블로 시부야점 (パブロ渋谷店, Pablo Shibuya)오후 4:00\r<br>오사카에서 도쿄로 상륙한 타르트!\r<br>\r<br>ⓒtistory_heylhnrz6\r<br>\r<br>\r<br>\r<br>오사카 지역의 대표적인 디저트인 파블로 치즈타르트! 이제는 도쿄에서 맛보자! 보기만해도 이렇게 예쁜데 입으로 들어가면 얼마나 행복할까? 지금 당장 내 입으로 들어가라 가!\r<br>\r<br>\r<br>\r<br>\r<br>ⓒtistory_heylhnrz6\r<br>\r<br>\r<br>\r<br>치즈의 굽기 정도를 레어/미디움 중 선택할 수 있어! 녹아내리는 치즈를 경험하고 싶다면 레어, 좀 더 편하게 먹고싶다면 미디움으로 선택하라구! 사실 어떻게 먹어도 맛있다는 사실~ 심지어 차가워도 맛있다구! ', 'Japan', 1, 4, '2019-12-04 05:17:35'),
	(39, 'root', '관리자', '일본 - 꼭 먹어야 하는 음식', '일본은 스시/회 광팬이라면 꼭 가야 할 여행지다. 초밥 장인이 신선한 회를 올려 만든 초밥의 맛은 예술이라고 밖에 표현할 수가 없다. 하지만 회를 좋아하지 않는다면? 걱정 마라! 당신의 일본 먹방 여행은 아직 유효하니. 스시 말고도 예술적인 맛을 선사하는 일본 음식 23가지를 소개한다!\r<br>\r<br>1. BAKE 치즈 타르트\r<br>BAKE Cheese Tarts\r<br>Image credit: BAKE cheese tart\r<br>\r<br>치즈라면 환장하는 치즈 덕후인가? 그렇다면 바삭바삭한 크러스트 안에 부드러운 치즈가 들어있는 BAKE 치즈 타르트는 당신에게 한입 가득한 행복은 선사할 것이다.\r<br>\r<br>한국의 일반 제과점에서도 치즈 타르트를 쉽게 접할 수 있지만 BAKE 치즈 타르트는 다르다! 오직 치즈 타르트만 판매하는 이 제과점은 “오로지 최고의 맛을 추구하며 치즈 타르트에 정성을 쏟아붓는다!\r<br>\r<br>BAKE 치즈 타르트는 동경/칸토, 간사이 와 규수 지역에서 만나볼 수 있다. 신주쿠 루미네 이스트에 있는 가게는 항상 줄이 길게 있으니 기다릴 준비를 하도록!\r<br>\r<br>2. 사쿠라테이: DIY 오코노미야키\r<br>\r<br>japan food must try\r<br>\r<br>사쿠라테이는 디자인 박물관 뒤에 꼭꼭 숨어있는 DIY 오코노미야키 맛집이다. 너무 잘 숨어 있어서 필자가 3번 갔을 때 모두 외국인은 필자 밖에 없었다. 그렇다 필자는 사쿠라테이의 오코노미야키가 너무 맛있어서 3번이나 갔었다! 자기가 원하는 재료만 그릇에 담아 잘 섞은 뒤 핫플레이트 위에 올려 구훈 후 마요네즈와 다양한 가니시를 얹어 완성하는 취향 저격 오코노미야키를 즐길 수 있는 사쿠라테이는 디자인 박물관에 숨어있는 맛집답게 인테리어도 색달라 사진 찍기도 좋은 곳이다!\r<br>\r<br>주소: 3 Chome-20-1 Jingumae Shibuya, Tokyo 150-0001, Japan\r<br>연락처: 03-3479-0039\r<br>\r<br>3. 라벤더 아이스크림\r<br>\r<br>\r<br>매년 7월이 되면 후라노의 토미타 농장은 보랏빛 물결로 살아난다. 한폭의 그림 같은 토미타 라벤더 농장은 충분히 시간을 내어 홋카이도에 다녀올 가치가 있는 곳이다. 토미타 라벤더 농장의 또 다른 묘미는 향기롭고 달달한 라벤더 아이스크림인데, 이 섬세한 맛과 향의 아이스크림은 전세계 다른 어디서도 맛볼 수 없을 거라고 장담한다! 홋카이도를 방문한다면 토미타 농장의 라벤더 아이스크림을 꼭 먹어 보도록!\r<br>\r<br>\r<br> \r<br>4. 이치란 라멘\r<br>Ichiran Ramen\r<br>\r<br>이치란 라멘은 라멘 한 메뉴만 파는 가게답게 동네에서 가장 맛있는 라면을 만들기로 유명하다. 자판기의 왕국 일본답게 자판기를 사용해 주문을 한 후, 라멘을 맛보는 것에  집중할 수 있도록 벽을 바라보는 개인 큐비클에 앉는다. 벽에 있는 구멍을 통해 라멘을 받으니 웨이터의 얼굴도 보지 못한다. 오직 이치란 라멘과 당신 둘이서 함께 보내는 시간은 너무 행복하고 맛있는 시간이다. 이치란 라멘 맛에 반한 팬들을 위해서 미리 포장한 면과 국물도 집에 가서 먹을 수 있도록 대기하고 있다.\r<br>\r<br>이치란 라멘은 일본 전 지역에서 찾아 볼 수 있는 체인점으로 웹사이트를 통해 무슨 라멘을 먹을지 미리 탐사 해볼 수 있다.\r<br>\r<br>5. 동물 도넛\r<br>Animal Donuts\r<br>Image credit: Japanexperterna.se\r<br>\r<br>일본 전역에서 큰 인기를 끌고 있는 동물 도넛는 먹기에는 너무 앙증맞고 귀엽다. 현지인들 사이에서 도부츠 도부츠라고 불리는 이 제과는 원래 간사이 지역의 플로레스타라는 가게에서 처음 팔았는데 폭풍 인기를 끈 후 이제 일본 전 지역에서 만나 볼 수 있다. 동물 도넛 카와이!!\r<br>\r<br>6. 킷캣\r<br>Kit Kats\r<br>Image credit: Jordi Sanchez Teruel\r<br>\r<br>킷캣의 달콤한 바삭함은 세계적으로도 사랑받고 있지만, 오직 일본에서만 이렇게 다양한 맛의 킷캣을 만나 볼 수 있다. 딸기 치즈케이크, 말차, 팥, 고구마, 후추, 럼&건포도, 와사비까지 상상을 뛰어넘는 다양한 맛의 킷캣이 자리하고 있다. 킷캣은 가족과 친구들에게 가져다줄 기념품으로도 알맞춤이다.\r<br>\r<br>7. 베이비 크랩  과자?\r<br>Candied Baby Crabs\r<br>\r<br>감자칩보다 훨씬 맛있는 바삭바삭한 베이비 크랩 과자를 소개한다. 방게를 튀겨서 달콤한 참깨 소스로 코딩을 한 이 방게 튀김 과자는 일본 사람들이 아주 즐겨 먹는 간식이다.\r<br>\r<br>8. 사각 수박\r<br>Square watermelons\r<br>Image credit: Joi Ito\r<br>\r<br>일반 원통형 수박이 맘에 안 들었는지 일본에는 사각형 수박이 눈에 띈다. 그뿐만 아니라 하트 모양, 다이너마이트 모양의 수박도 있다. 맛도 모양만큼이나 특이할까? 맛보게 된다면 필자에게 꼭 말해줬으면 좋겠다!\r<br>\r<br>9. 콜론 과자\r<br>Collon snacks\r<br>\r<br>콜론은 영어로 대장이라는 뜻인데, 아이러니한 이름과 다르게 이 두툼한 크림이 안에 들어있는 비스킷은 너무나 달콤하다. 맛도 말차, 블루베리, 초콜릿, 바닐라 등 다양하니 콜론 과자는 거대 무지개 빼빼로와 같이 일본에서 꼭 맛봐야 하는 간식이다.\r<br>\r<br>10. 말고기 육회 (바사시)+ 말고기 맛 아이스크림 (바사시 아이스)\r<br>Basashi\r<br>Image credit: George Alexander Ishida Newman\r<br>\r<br>말고기 육회(바사시)는 일본 사람들이 즐겨 먹는 별미이다. 말고기를 먹는다는 사실이 이상하게 다가올 수도 있는데, 사실 말고기는 오래전부터 인류의 중요한 단백질 공급원이었다. 나폴레옹도 전쟁 때 말고기를 먹으며 연맹했었다. 그리고 말고기가 입맛에 맞았다면 말고기 맛 아이스크림(바사시 아이스)도 도전해 보는게 어떻겠는가? 세상에는 정말 별난 음식들이 많다!\r<br>\r<br>11. 창코나베 (스모선수들의 인생 찌개)\r<br>Chankonabe\r<br>Image credit: PV9007 Photography\r<br>\r<br>창코나베는 스모선수들이 만드는 그들의 인생이 담은 요리라고 할 수 있다. 먹기 좋은 크기로 썬 고기와 어패류를 야채와 함게 가득 담아 끓이는 창코나베는 고단백 고열량 음식이다. 스모 선수들은 몸무게를 늘릴 목적으로 여기다 밥과 맥주를 같이 먹는다고 한다. 스모선수의 음식답게 2인분을 시켜도 4명이 거뜬히 먹을수 있는 양으로 나오니 참고하도록!\r<br>\r<br>12. 동경 밀크 치즈 팩토리의 비스킷\r<br>Tokyo Milk Cheese Biscuits\r<br>Image credit: Tokyo Milk Cheese Factory\r<br>\r<br>동경 밀크 치즈 팩토리의 비스킷들은 필자가 이 리스트에서 가장 추천하고 싶은 품목이다. 아직 모르는 사람도 꽤 많은데, 한번 맛본다면 이 맛있는 걸 이제야 알게 되다니!라고 감탄할 것이다. 꿀&고르곤졸라 치즈 , 소금& 까망베르 치즈, 바질 토마토&모짜렐라 치즈 쿠키등 다양한 맛이 있는데, 어떤 맛을 고르던 후회하지 않을 것이다! 동경에만 파는 이 비스킷은 동경 매점에서 흔히 찾아볼 수 있으니 꼭 시도해 보도록!\r<br>\r<br>13. 오니기리 (일식 주먹밥)\r<br>OnigiriImage credit: Tobin\r<br>\r<br>우리나라에 삼각김밥과 같이 일본의 편의점엔 오니기리가 있다. 아침에 오니기리를 사서 지하철 가는 길에 간편하게 먹는 것은 어떨까? 새우, 연어, 다시마 등 우리나라랑 다른 맛의 삼각김밥을 즐겨보자!\r<br>\r<br>14. 복어요리\r<br>Pufferfish\r<br>Image credit: Tetsuji Sakakibara\r<br>\r<br>사람들은 먹는 것에 대해서는 참 모험적인 것 같다. 뉴스에 심심찮게 보이는 복어요리 환자 기사를 읽고서도 이토록 도전해 보는 사람이 많으니! 위험 부담을 감수하면서 먹을 만큼 사람들을 끌어당기는 복어의 매력은 뭘까? 입술에 느껴지는 톡톡 쏘는 매력? 복어요리를 시도해 본다면 필자에게 알려주길 바란다!\r<br>\r<br>15. 붕어빵 (타이야끼)\r<br>Taiyaki\r<br>\r<br>우리나라의 붕어빵보다 두툼한 타이야끼! 팥 말고도 초콜릿, 치즈, 말차 등 다양한 소가 들어있으니 취향대로 골라 맛보자!\r<br>\r<br>16. 하라주쿠 크레페\r<br>Harajuku crepes\r<br>\r<br>일본 십 대들의 거리 하라주쿠! 패션에 민감한 십 대들을 겨냥한 귀엽고 트렌디한 제품을 파는 상점들이 줄을 서있다. 화려한 코스튬을 입고 코스프레를 하는 일본 젊은이들도 많이 보이니 일본의 현대 문화를 제대로 체험할 수 있는 곳이다. 이 하라주쿠에서 빠질 수 없는 것이 있는데, 바로 하라주쿠 크레페다! 일본의 길거리 음식으로 오랫동안 자리 잡은 크레페는 패션만큼이나 화려한 외관과 얇고 촉촉한 팬케이크 반죽의 하라주쿠 팬케이크는 놓칠수 없는 먹거리다!\r<br>\r<br>17. 거대 솜사탕 @ 하라주쿠\r<br>Giant candy floss\r<br>\r<br>하라주쿠에서 또 다른 명물은 거대 솜사탕이다. 거대 솜사탕은 화려한 하라주쿠의 거리의 달달한  인스타그램 소품으로 딱이다!\r<br>\r<br>18. 일본 감자칩의 원조 칼비 가게 @ 하라주쿠\r<br>Calbee shop\r<br>\r<br>오래전부터 일본의 인기 감자칩 브랜드로 자리 잡은 칼비를 마트가 아닌 식당에서 만나볼 수 있다! 크림, 치즈 등 다양한 토핑을 골라 칼비 감자칩에 얹어서 먹자!\r<br>\r<br>19. 우동\r<br>Udon\r<br>\r<br>꼭 맛보아야 하는 일본 음식 리스트에서 우동을 빼뜨릴 수는 없다! 뜨거운 김이 모락모락 피어나는 쫄깃한 우동은 갓 튀겨낸 바삭한 덴푸라(튀김) 과 날계란을 얹어 최상의 만족감을 선사한다. 일본 거리 어디에서도 만날 수 있으니 일본에 있는 동안 마음껏 우동을 즐겨라!\r<br>\r<br>20. 고베 스테이크\r<br>Kobe beef\r<br>\r<br>오사카에서 당일치기로 갔다 올 수 있는 고베 지역의 하이라이트는 역시 고베 스테이크다. 오랜만에 화려한 테판야끼 정식으로 사치를 누려도 되고 가성비 좋은 스테이크랜드의 줄에 합류해도 되니, 입안에서 녹는 고베 스테이크를 꼭 맛보기를 권한다!\r<br>\r<br>21. 타코야끼\r<br>Takoyaki\r<br>\r<br>타코야끼는 일본 길거리 간식의 대표주자다. 문어, 새우, 햄, 치즈 등 원하는 소를 선택한 후 마요네즈, 타코야끼 소스, 가쓰오부시를 듬뿍 얹어 맛깔나게 즐겨보자! 현지인들은 오사카의 타코야끼가 가장 맛있다고 하니 오사카에 들리면 긴 줄을 기다릴 준비를 하도록!\r<br>\r<br>22. 키치키치 오므라이스\r<br>\r<br>키치키치 오므라이스는 전 세계에서 가장 유명한 오므라이스 가게가 아닐까 싶다. 주방장 아저씨의 화려한 퍼포먼스와 반을 가르면 계란이 터지는 비주얼로 SNS와 유튜브의 화제가 되었던 키치키치 오므라이스는 교토의 폰토초 거리에 자리하고 있다. 작은 가게라 한 번에 8명의 손님밖에 못 받으니 미리 예약을 해야 한다!\r<br>\r<br>23. 편의점/백화점 음식\r<br>\r<br>\r<br>물가가 쎈 일본에서 편의점/백화점 음식은 맛있으면서도 지갑에 상처를 덜 내는 최적의 선택이다. 게다가 7시가 지나면 백화점들은 대폭 할인을 진행하니, 친구들과 같이 이것저것 골라와 숙소에서 저녁 파티를 열어보자\r<br>\r<br> \r<br>\r<br>이와 같이 스시/회가 아니더라도 일본에 먹으로갈 이유는 충분하다! 그러니 다이어트는 내일로 미루고 즐거운 먹방여행을 하기 바란다.일본은 스시/회 광팬이라면 꼭 가야 할 여행지다. 초밥 장인이 신선한 회를 올려 만든 초밥의 맛은 예술이라고 밖에 표현할 수가 없다. 하지만 회를 좋아하지 않는다면? 걱정 마라! 당신의 일본 먹방 여행은 아직 유효하니. 스시 말고도 예술적인 맛을 선사하는 일본 음식 23가지를 소개한다!\r<br>\r<br>1. BAKE 치즈 타르트\r<br>BAKE Cheese Tarts\r<br>Image credit: BAKE cheese tart\r<br>\r<br>치즈라면 환장하는 치즈 덕후인가? 그렇다면 바삭바삭한 크러스트 안에 부드러운 치즈가 들어있는 BAKE 치즈 타르트는 당신에게 한입 가득한 행복은 선사할 것이다.\r<br>\r<br>한국의 일반 제과점에서도 치즈 타르트를 쉽게 접할 수 있지만 BAKE 치즈 타르트는 다르다! 오직 치즈 타르트만 판매하는 이 제과점은 “오로지 최고의 맛을 추구하며 치즈 타르트에 정성을 쏟아붓는다!\r<br>\r<br>BAKE 치즈 타르트는 동경/칸토, 간사이 와 규수 지역에서 만나볼 수 있다. 신주쿠 루미네 이스트에 있는 가게는 항상 줄이 길게 있으니 기다릴 준비를 하도록!\r<br>\r<br>2. 사쿠라테이: DIY 오코노미야키\r<br>\r<br>japan food must try\r<br>\r<br>사쿠라테이는 디자인 박물관 뒤에 꼭꼭 숨어있는 DIY 오코노미야키 맛집이다. 너무 잘 숨어 있어서 필자가 3번 갔을 때 모두 외국인은 필자 밖에 없었다. 그렇다 필자는 사쿠라테이의 오코노미야키가 너무 맛있어서 3번이나 갔었다! 자기가 원하는 재료만 그릇에 담아 잘 섞은 뒤 핫플레이트 위에 올려 구훈 후 마요네즈와 다양한 가니시를 얹어 완성하는 취향 저격 오코노미야키를 즐길 수 있는 사쿠라테이는 디자인 박물관에 숨어있는 맛집답게 인테리어도 색달라 사진 찍기도 좋은 곳이다!\r<br>\r<br>주소: 3 Chome-20-1 Jingumae Shibuya, Tokyo 150-0001, Japan\r<br>연락처: 03-3479-0039\r<br>\r<br>3. 라벤더 아이스크림\r<br>\r<br>\r<br>매년 7월이 되면 후라노의 토미타 농장은 보랏빛 물결로 살아난다. 한폭의 그림 같은 토미타 라벤더 농장은 충분히 시간을 내어 홋카이도에 다녀올 가치가 있는 곳이다. 토미타 라벤더 농장의 또 다른 묘미는 향기롭고 달달한 라벤더 아이스크림인데, 이 섬세한 맛과 향의 아이스크림은 전세계 다른 어디서도 맛볼 수 없을 거라고 장담한다! 홋카이도를 방문한다면 토미타 농장의 라벤더 아이스크림을 꼭 먹어 보도록!\r<br>\r<br>\r<br> \r<br>4. 이치란 라멘\r<br>Ichiran Ramen\r<br>\r<br>이치란 라멘은 라멘 한 메뉴만 파는 가게답게 동네에서 가장 맛있는 라면을 만들기로 유명하다. 자판기의 왕국 일본답게 자판기를 사용해 주문을 한 후, 라멘을 맛보는 것에  집중할 수 있도록 벽을 바라보는 개인 큐비클에 앉는다. 벽에 있는 구멍을 통해 라멘을 받으니 웨이터의 얼굴도 보지 못한다. 오직 이치란 라멘과 당신 둘이서 함께 보내는 시간은 너무 행복하고 맛있는 시간이다. 이치란 라멘 맛에 반한 팬들을 위해서 미리 포장한 면과 국물도 집에 가서 먹을 수 있도록 대기하고 있다.\r<br>\r<br>이치란 라멘은 일본 전 지역에서 찾아 볼 수 있는 체인점으로 웹사이트를 통해 무슨 라멘을 먹을지 미리 탐사 해볼 수 있다.\r<br>\r<br>5. 동물 도넛\r<br>Animal Donuts\r<br>Image credit: Japanexperterna.se\r<br>\r<br>일본 전역에서 큰 인기를 끌고 있는 동물 도넛는 먹기에는 너무 앙증맞고 귀엽다. 현지인들 사이에서 도부츠 도부츠라고 불리는 이 제과는 원래 간사이 지역의 플로레스타라는 가게에서 처음 팔았는데 폭풍 인기를 끈 후 이제 일본 전 지역에서 만나 볼 수 있다. 동물 도넛 카와이!!\r<br>\r<br>6. 킷캣\r<br>Kit Kats\r<br>Image credit: Jordi Sanchez Teruel\r<br>\r<br>킷캣의 달콤한 바삭함은 세계적으로도 사랑받고 있지만, 오직 일본에서만 이렇게 다양한 맛의 킷캣을 만나 볼 수 있다. 딸기 치즈케이크, 말차, 팥, 고구마, 후추, 럼&건포도, 와사비까지 상상을 뛰어넘는 다양한 맛의 킷캣이 자리하고 있다. 킷캣은 가족과 친구들에게 가져다줄 기념품으로도 알맞춤이다.\r<br>\r<br>7. 베이비 크랩  과자?\r<br>Candied Baby Crabs\r<br>\r<br>감자칩보다 훨씬 맛있는 바삭바삭한 베이비 크랩 과자를 소개한다. 방게를 튀겨서 달콤한 참깨 소스로 코딩을 한 이 방게 튀김 과자는 일본 사람들이 아주 즐겨 먹는 간식이다.\r<br>\r<br>8. 사각 수박\r<br>Square watermelons\r<br>Image credit: Joi Ito\r<br>\r<br>일반 원통형 수박이 맘에 안 들었는지 일본에는 사각형 수박이 눈에 띈다. 그뿐만 아니라 하트 모양, 다이너마이트 모양의 수박도 있다. 맛도 모양만큼이나 특이할까? 맛보게 된다면 필자에게 꼭 말해줬으면 좋겠다!\r<br>\r<br>9. 콜론 과자\r<br>Collon snacks\r<br>\r<br>콜론은 영어로 대장이라는 뜻인데, 아이러니한 이름과 다르게 이 두툼한 크림이 안에 들어있는 비스킷은 너무나 달콤하다. 맛도 말차, 블루베리, 초콜릿, 바닐라 등 다양하니 콜론 과자는 거대 무지개 빼빼로와 같이 일본에서 꼭 맛봐야 하는 간식이다.\r<br>\r<br>10. 말고기 육회 (바사시)+ 말고기 맛 아이스크림 (바사시 아이스)\r<br>Basashi\r<br>Image credit: George Alexander Ishida Newman\r<br>\r<br>말고기 육회(바사시)는 일본 사람들이 즐겨 먹는 별미이다. 말고기를 먹는다는 사실이 이상하게 다가올 수도 있는데, 사실 말고기는 오래전부터 인류의 중요한 단백질 공급원이었다. 나폴레옹도 전쟁 때 말고기를 먹으며 연맹했었다. 그리고 말고기가 입맛에 맞았다면 말고기 맛 아이스크림(바사시 아이스)도 도전해 보는게 어떻겠는가? 세상에는 정말 별난 음식들이 많다!\r<br>\r<br>11. 창코나베 (스모선수들의 인생 찌개)\r<br>Chankonabe\r<br>Image credit: PV9007 Photography\r<br>\r<br>창코나베는 스모선수들이 만드는 그들의 인생이 담은 요리라고 할 수 있다. 먹기 좋은 크기로 썬 고기와 어패류를 야채와 함게 가득 담아 끓이는 창코나베는 고단백 고열량 음식이다. 스모 선수들은 몸무게를 늘릴 목적으로 여기다 밥과 맥주를 같이 먹는다고 한다. 스모선수의 음식답게 2인분을 시켜도 4명이 거뜬히 먹을수 있는 양으로 나오니 참고하도록!\r<br>\r<br>12. 동경 밀크 치즈 팩토리의 비스킷\r<br>Tokyo Milk Cheese Biscuits\r<br>Image credit: Tokyo Milk Cheese Factory\r<br>\r<br>동경 밀크 치즈 팩토리의 비스킷들은 필자가 이 리스트에서 가장 추천하고 싶은 품목이다. 아직 모르는 사람도 꽤 많은데, 한번 맛본다면 이 맛있는 걸 이제야 알게 되다니!라고 감탄할 것이다. 꿀&고르곤졸라 치즈 , 소금& 까망베르 치즈, 바질 토마토&모짜렐라 치즈 쿠키등 다양한 맛이 있는데, 어떤 맛을 고르던 후회하지 않을 것이다! 동경에만 파는 이 비스킷은 동경 매점에서 흔히 찾아볼 수 있으니 꼭 시도해 보도록!\r<br>\r<br>13. 오니기리 (일식 주먹밥)\r<br>OnigiriImage credit: Tobin\r<br>\r<br>우리나라에 삼각김밥과 같이 일본의 편의점엔 오니기리가 있다. 아침에 오니기리를 사서 지하철 가는 길에 간편하게 먹는 것은 어떨까? 새우, 연어, 다시마 등 우리나라랑 다른 맛의 삼각김밥을 즐겨보자!\r<br>\r<br>14. 복어요리\r<br>Pufferfish\r<br>Image credit: Tetsuji Sakakibara\r<br>\r<br>사람들은 먹는 것에 대해서는 참 모험적인 것 같다. 뉴스에 심심찮게 보이는 복어요리 환자 기사를 읽고서도 이토록 도전해 보는 사람이 많으니! 위험 부담을 감수하면서 먹을 만큼 사람들을 끌어당기는 복어의 매력은 뭘까? 입술에 느껴지는 톡톡 쏘는 매력? 복어요리를 시도해 본다면 필자에게 알려주길 바란다!\r<br>\r<br>15. 붕어빵 (타이야끼)\r<br>Taiyaki\r<br>\r<br>우리나라의 붕어빵보다 두툼한 타이야끼! 팥 말고도 초콜릿, 치즈, 말차 등 다양한 소가 들어있으니 취향대로 골라 맛보자!\r<br>\r<br>16. 하라주쿠 크레페\r<br>Harajuku crepes\r<br>\r<br>일본 십 대들의 거리 하라주쿠! 패션에 민감한 십 대들을 겨냥한 귀엽고 트렌디한 제품을 파는 상점들이 줄을 서있다. 화려한 코스튬을 입고 코스프레를 하는 일본 젊은이들도 많이 보이니 일본의 현대 문화를 제대로 체험할 수 있는 곳이다. 이 하라주쿠에서 빠질 수 없는 것이 있는데, 바로 하라주쿠 크레페다! 일본의 길거리 음식으로 오랫동안 자리 잡은 크레페는 패션만큼이나 화려한 외관과 얇고 촉촉한 팬케이크 반죽의 하라주쿠 팬케이크는 놓칠수 없는 먹거리다!\r<br>\r<br>17. 거대 솜사탕 @ 하라주쿠\r<br>Giant candy floss\r<br>\r<br>하라주쿠에서 또 다른 명물은 거대 솜사탕이다. 거대 솜사탕은 화려한 하라주쿠의 거리의 달달한  인스타그램 소품으로 딱이다!\r<br>\r<br>18. 일본 감자칩의 원조 칼비 가게 @ 하라주쿠\r<br>Calbee shop\r<br>\r<br>오래전부터 일본의 인기 감자칩 브랜드로 자리 잡은 칼비를 마트가 아닌 식당에서 만나볼 수 있다! 크림, 치즈 등 다양한 토핑을 골라 칼비 감자칩에 얹어서 먹자!\r<br>\r<br>19. 우동\r<br>Udon\r<br>\r<br>꼭 맛보아야 하는 일본 음식 리스트에서 우동을 빼뜨릴 수는 없다! 뜨거운 김이 모락모락 피어나는 쫄깃한 우동은 갓 튀겨낸 바삭한 덴푸라(튀김) 과 날계란을 얹어 최상의 만족감을 선사한다. 일본 거리 어디에서도 만날 수 있으니 일본에 있는 동안 마음껏 우동을 즐겨라!\r<br>\r<br>20. 고베 스테이크\r<br>Kobe beef\r<br>\r<br>오사카에서 당일치기로 갔다 올 수 있는 고베 지역의 하이라이트는 역시 고베 스테이크다. 오랜만에 화려한 테판야끼 정식으로 사치를 누려도 되고 가성비 좋은 스테이크랜드의 줄에 합류해도 되니, 입안에서 녹는 고베 스테이크를 꼭 맛보기를 권한다!\r<br>\r<br>21. 타코야끼\r<br>Takoyaki\r<br>\r<br>타코야끼는 일본 길거리 간식의 대표주자다. 문어, 새우, 햄, 치즈 등 원하는 소를 선택한 후 마요네즈, 타코야끼 소스, 가쓰오부시를 듬뿍 얹어 맛깔나게 즐겨보자! 현지인들은 오사카의 타코야끼가 가장 맛있다고 하니 오사카에 들리면 긴 줄을 기다릴 준비를 하도록!\r<br>\r<br>22. 키치키치 오므라이스\r<br>\r<br>키치키치 오므라이스는 전 세계에서 가장 유명한 오므라이스 가게가 아닐까 싶다. 주방장 아저씨의 화려한 퍼포먼스와 반을 가르면 계란이 터지는 비주얼로 SNS와 유튜브의 화제가 되었던 키치키치 오므라이스는 교토의 폰토초 거리에 자리하고 있다. 작은 가게라 한 번에 8명의 손님밖에 못 받으니 미리 예약을 해야 한다!\r<br>\r<br>23. 편의점/백화점 음식\r<br>\r<br>\r<br>물가가 쎈 일본에서 편의점/백화점 음식은 맛있으면서도 지갑에 상처를 덜 내는 최적의 선택이다. 게다가 7시가 지나면 백화점들은 대폭 할인을 진행하니, 친구들과 같이 이것저것 골라와 숙소에서 저녁 파티를 열어보자\r<br>\r<br> \r<br>\r<br>이와 같이 스시/회가 아니더라도 일본에 먹으로갈 이유는 충분하다! 그러니 다이어트는 내일로 미루고 즐거운 먹방여행을 하기 바란다.', 'Japan', 0, 5, '2019-12-04 05:18:20'),
	(40, 'root', '관리자', '일본 - 가정식 맛집', '“어딜 가나 집밥이 최고!”\r<br>스즈란테이 사진 - 서울시 용산구 이촌동 301-10\r<br>\r<br>가고싶다\r<br>\r<br>1. 스즈란테이 4.4\r<br>서울시 용산구 이촌동 301-10\r<br>\r<br>스타티스 동부이촌동 대표 맛집!! 웬만한 모든 일본음식을 맛볼 수 있고, 굉장한 내공이 느껴지는 집이에요. 여기는 도시락이 제일 유명하고, 실패하지 않는... 더보기\r<br> 스즈란테이 더보기 >\r<br>누하의숲 사진 - 서울시 종로구 누하동 175-2\r<br>\r<br>가고싶다\r<br>\r<br>2. 누하의숲 4.2\r<br>서울시 종로구 누하동 175-2\r<br>\r<br>Yas Foodie 예전부터 맛집이라며 이름은 익히 알고 있었지만 오늘에야 처음 엄마랑 가보았네요! 워낙에 모녀가 일본가정식을 좋아하고 즐겨먹어서 기대를 하고 왔는... 더보기\r<br> 누하의숲 더보기 >\r<br>하카타나카 사진 - 서울시 마포구 서교동 346-36\r<br>\r<br>가고싶다\r<br>\r<br>3. 하카타나카 4.3\r<br>서울시 마포구 서교동 346-36\r<br>\r<br>JuNa 비정상회담 일본 대표가 추천했던 곳이래요. 믿고가는 홍대 맛집!! mr. 다나카 정식 - 고등어구이, 돈지루, 카라야게, 계란찜 먹고싶은 반찬들... 더보기\r<br> 하카타나카 더보기 >\r<br>로야토야 사진 - 서울시 마포구 연남동 568-30\r<br>\r<br>가고싶다\r<br>\r<br>4. 로야토야 4.2\r<br>서울시 마포구 연남동 568-30\r<br>\r<br>현지 일일이 만드시는 듯 해용 그래서인지 나오는 데 조금 오래걸리는 것 같습니당. 저는 정식으로 주문했는데요, 구성이 너무 너무 조화로웠어요..모든 ... 더보기\r<br> 로야토야 더보기 >\r<br>소년식당 사진 - 서울시 마포구 서교동 333-11\r<br>\r<br>가고싶다\r<br>\r<br>5. 소년식당 4.1\r<br>서울시 마포구 서교동 333-11\r<br>\r<br>호빵과맛동산 밥도둑인 간장새우 맛집! 어지간한 코스요리 못지 않게 비싸지는 게장에 비하면 가격이 착한 편이라 정말 고마울 따름이다. 간장새우 하면 밥도둑 이... 더보기\r<br> 소년식당 더보기 >\r<br>시오 사진 - 서울시 서대문구 연희동 190-4\r<br>\r<br>가고싶다\r<br>\r<br>6. 시오 4.1\r<br>서울시 서대문구 연희동 190-4\r<br>\r<br>베로 편하게 먹는 일본 가정식 식당. 일요일 저녁 마실 나와서 먹기 딱 좋은. 시그니처메뉴인 삼색야끼도리와 큐슈야끼 카레 시킴. 메뉴가 별로 없어서 ... 더보기\r<br> 시오 더보기 >\r<br>타마고 사진 - 서울시 중구 을지로2가 149-10\r<br>\r<br>가고싶다\r<br>\r<br>7. 타마고 4.1\r<br>서울시 중구 을지로2가 149-10\r<br>\r<br>Шевче́нко 깔끔한 일본 가정식집같은 분위기에 맛과 가격 모두 훌륭한 음식점인데 숨어있는듯한 위치가 살짝 아쉽긴하다. 사케동, 텐동, 참치동?, 김밥 까지... 더보기\r<br> 타마고 더보기 >\r<br>호호식당 사진 - 서울시 종로구 명륜4가 143\r<br>\r<br>가고싶다\r<br>\r<br>8. 호호식당 4.2\r<br>서울시 종로구 명륜4가 143\r<br>\r<br>ayay 대학로에 있는 호호식당. (이름이 뭔가 참 정겹다ㅎㅎ) 일본가정식을 파는곳이다.평일저녁에도 웨이팅이라니이.. 얼마나 맛있는지 두고보게쒀! 그렇게... 더보기\r<br> 호호식당 더보기 >\r<br>히노키공방 사진 - 서울시 마포구 노고산동 56-18\r<br>\r<br>가고싶다\r<br>\r<br>9. 히노키공방 4.1\r<br>서울시 마포구 노고산동 56-18\r<br>\r<br>태규 맛있어요 일반 일식집에서 먹을수없는 맛입니다 소스에서 진한 풍미가 느껴져요 튀김도 굉장히 바삭하구요 자극적이지않고 깔끔한맛이어서 좋았습니다 히노키공방 더보기 >\r<br>오코와 사진 - 서울시 마포구 동교동 149-11\r<br>\r<br>가고싶다\r<br>\r<br>10. 오코와 4.0\r<br>서울시 마포구 동교동 149-11\r<br>\r<br>Heanut 런치로 가면 더 좋은 오코와! 건강식 정식(1.2) 야끼소바(0.8) 계절식+치킨난방쯔케(1.3) 건강식으로 유명한 오코와에 다녀왔습니다. 런치... 더보기', 'Japan', 0, 3, '2019-12-04 05:18:57'),
	(41, 'root', '관리자', '일본 - 레스토랑 추천', '호텔 내 레스토랑이 제공하는 뷔페는 셰프가 자랑하는 요리가 합리적인 가격으로 맛볼 수 있어 추천할만하다. 아이동반 여행손님에게 기쁜 특징을 겸비한 호텔 뷔페를 소개하고자 한다. (사진: 힐튼 도쿄 \'마블라운지\' 디저트 뷔페)\r<br>\r<br>해변의 리조트 호텔\r<br>해변의 리조트 호텔\r<br>도쿄만 끄트머리에 자리잡고 있는 호텔 \'호텔 인터컨티넨털 도쿄 베이\' 3층에 위치한 레스토랑. 바다를 바라볼 수 있는 자리도 있어 리조트 기분을 느낄 수 있다.\r<br>셰프가 앞에서 직접 조리해주는 현장감이 있는 연출이 특징이다. 채소를 듬뿍 넣어서 만드는 건강에도 좋은 메뉴는 여성들에게 큰 인기를 얻고 있다. 식사 후에는 좋아하는 토핑으로 만들어주는 파르페도 제공된다. 메뉴판에 계란이나 밀가루 등 사용표시가 되어 있으며, 앞에 있는 셰프에게 직접 질문할 수도 있으니 알레르기 질환을 가지신 분도 안심하고 이용할 수 있다.\r<br>\r<br>-영업구분: 아침, 점심, 디저트&경식, 저녁\r<br>-요금: 런치뷔페 평일 3,725엔, 어린이 1,991엔(세금,서비스요금 별도) 등\r<br>-어린이를 위한 서비스: 키즈 전용 메뉴/없음, 개별룸/있음(8∼20명까지, 예약이 필요함, 룸요금: 평일 8,000엔, 휴일 10,000엔) ※아침은 이용 불가, 수유실/ 없음, 기저귀교환대/ 1층과 3층 여성화장실, 어린이 의자/ 있음, 어린이 식기/ 있음, 드레스코드/ 있음(스마트캐주얼)\r<br>\r<br>Chef\'s Live Kitchen\r<br>シェフズライブキッチン\r<br>주소\r<br>Intercontinental Tokyo Bay 3F, 1-16-2 Kaigan, Minato-ku, Tokyo-to\r<br>건강을 지향하는 분께 추천하는 뷔페\r<br>건강을 지향하는 분께 추천하는 뷔페\r<br>웨스틴호텔 도쿄 내 ""더 테라스\'에서는 영양가가 높은 뷔페 메뉴가 화제를 모으고 있다. 한창 자랄 때의 어린이를 비롯해 미용에 신경쓰는 여성들에게도 추천하고 싶다. 시기에 따라 테마가 바뀌는 요리와 디저트는 종류도 풍부하게 두루 갖추고 있다. \'웨스틴 키즈 메뉴\'라는 어린이를 위한 특별 메뉴도 마련되어 있으니 어린이 동반 가족도 안심하고 이용할 수 있다.\r<br>\r<br>-영업구분: 아침, 점심, 디저트, 저녁\r<br>-요금: 런치뷔페 평일 4,300엔, 어린이 2,200엔(세금,서비스요금 별도) 등\r<br>-어린이를 위한 서비스: 어린이 전용메뉴/있음, 개별룸/있음(∼8명까지, 예약이 필요함, 룸요금:아침,점심 때: 5,000엔, 저녁 시: 8,000엔), 수유실/ 1층 탈의실 ※일반 손님과 공용, 기저귀교환대/ 1층 여성화장실, 어린이 의자/ 있음, 어린이 식기/ 있음, 드레스코드/ 있음(스마트캐주얼), 기타/전면 금연(룸, 파티오를 제외함)\r<br>\r<br>The Terrace\r<br>インターナショナルブッフェレストラン　ザ・テラス\r<br>주소\r<br>The Westin Tokyo 1F, 1-4-1 Mita, Meguro-ku, Tokyo-to 153-8580\r<br>호텔만의 개방적인 라운지\r<br>호텔만의 개방적인 라운지\r<br>힐턴도쿄 내 \'마블라운지\'에서는 뷔페에 대한 시간 제한이 없으므로 천천히 식사를 즐길 수 있다. 일요일, 공휴일 한정으로 제공하는 브런치 뷔페에서는 머지션과 어릿광대가 등장해 아이들을 즐겁게 해준다. 총 208석 모두가 천장까지 시원하게 뚫린 공간 속에 있는 세련된 라운지는 넉넉하게 앉을 수 있는 소파석도 많아 편안히 지낼 수 있다.\r<br>-영업구분: 아침, 점심, 브런치, 디저트, 저녁\r<br>-요금: 런치뷔페 월∼토요일 4,100엔, 어린이 2,450엔(세금,서비스요금 별도) 등\r<br>-어린이를 위한 서비스: 어린이 전용메뉴/ 없음, 개별룸/ 없음, 수유실/ 없음, 기저귀교환대/ 있음, 어린이 의자/ 있음, 어린이 식기/ 있음, 드레스코드/ 있음(스마트캐주얼)\r<br>\r<br>Marble Lounge\r<br>マーブルラウンジ\r<br>주소\r<br>Hilton Tokyo 1F, 6-6-2 Nishishinjuku, Shinjuku-ku, Tokyo-to 160-0023\r<br>고급스러움이 묻어나는 프렌치 비스트로\r<br>고급스러움이 묻어나는 프렌치 비스트로\r<br>롯폰기힐즈 내 \'그랜드 하이엇 도쿄\'에 있는 \'프렌치키친\'은 럭셔리 호텔 분위기를 물씬 느낄 수 있는 레스토랑이다. 널찍한 레스토랑 내 좌석을 비롯해 개방적인 테라스 및 평온하게 지낼 수 있는 개별룸도 구비되어 있다. 멋지게 어레인지된 전통적인 비스트로요리는 보기에도 화려하다. 계절감을 느낄 수 있는 메뉴가 준비되어 있다.\r<br>\r<br>-영업구분: 아침, 점심, 브런치(토,일요일,공휴일)\r<br>-요금: 런치뷔페 평일 3,750엔, 어린이(4세∼12세)1,150엔, 어린이(6세∼12세)1,950엔(세금, 서비스요금 별도) 등\r<br>-어린이를 위한 서비스: 어린이 전용메뉴/ 없음, 개별룸/ 있음(예약이 필요함, \'테러스테이블(∼6명까지)\' 룸요금 5,000엔, \'와인테이블(∼10명까지)\' 룸요금 10,000엔), 수유실/ 없음, 기저귀교환대/ 1층 로비 여성화장실, 어린이 의자/ 있음, 어린이 식기/ 있음, 드레스코드/ 있음(스마트캐주얼), 기타/ 레스토랑 내 전면 금연(테라스만 흡연 가능)\r<br>\r<br>THE　FRENCH　KITCHEN\r<br>グランドハイアット　東京　フレンチ　キッチン\r<br>주소\r<br>Grand Hyatt Tokyo, 6-10-3 Roppongi , Minato-ku, Tokyo-to 106-0032\r<br>일본 최초의 뷔페 레스토랑\r<br>일본 최초의 뷔페 레스토랑\r<br>데이코쿠호텔 내 \'임페리얼 바이킹 사루\'에서는 평온한 공간 속에서 약 40가지 서양요리를 즐길 수 있다. 앞에서 직접 요리를 만들어 제공해주는 등 셰프와의 거리가 가깝다. 디너 때는 \'바이킹 콩셰르주\'가 요리와 궁합이 잘 맞는 주류를 제안해주거나 뷔페를 즐기는 방법을 가르쳐주는 서비스를 실시한다.\r<br>\r<br>-영업구분: 아침, 점심, 저녁\r<br>-요금: 런치뷔페 평일 5,500엔, 어린이 3,300엔(서비스요금 별도) 등\r<br>-어린이를 위한 서비스: 어린이 전용메뉴/ 없음, 개별룸/ 있음(10∼20명까지, 예약이 필요함, 룸요금 10,800엔, 수유실/ 있음(본관 2층 여성화장실, 기저귀교환대/ 본관 17층 여성화장실, 어린이 의자/ 있음, 어린이 식기/ 있음, 드레스코드/ 있음(스마트캐주얼), 기타/ 어린이를 위해 크레용, 색칠그림, 색종이도 준비했다.', 'Japan', 0, 4, '2019-12-04 05:20:31'),
	(42, 'root', '관리자', '한국 - 서울 맛집', '연말을 맞이하여 식신 사용자가 선정한 2017년 한 해 동안 가장 많은 사랑을 받은 \'2018 서울 BEST 50 레스토랑\'을 소개한다. 지역별로 분류된 맛지도(참고 이미지 1)와 순위별로 나열된 TOP 50(참고 이미지 2)을 참고하여 내년에도 맛있는 시간들로 한 해를 채워보자. \r<br>\r<br>\r<br>\r<br>\r<br>\r<br>\r<br>\r<br>[참고 이미지 1] 식신 사용자가 선정한 서울 BEST 레스토랑 TOP 50 맛집지도\r<br>\r<br>\r<br>\r<br> 이번 2018 서울 레스토랑 BEST 50에는 모던 한식 파인 다이닝의 새로운 시대를 개척한 임정식 셰프의 ‘정식당’ 부터 강민구 셰프의 ‘밍글스’, 최근 우리나라 고 조리서의 음식을 현대식으로 표현한 ‘스와니예’ 등 모던 한식 다이닝부터 마포의 터줏대감으로 자리 잡은 ‘을밀대’까지 최고급 식당부터 전 세대에 걸쳐 사랑받고 있는 노포 식당까지 모두 이름을 올렸다.\r<br>\r<br>\r<br>\r<br>‘정식당(1위)’, ‘밍글스(2위)’, ‘스와니예(3위)’ 등 모던 한식 파인 다이닝이 최상위권을 휩쓸었고 ‘을밀대’, ‘평양면옥’, ‘하동관’, ‘새벽집’, ‘우래옥’, ‘대도식당’ 등 한결같은 맛으로 그 명성을 지키고 있는 노포들이 상위권에 대거 선정되었다. 한편 이태원의 경리단길과 연남동이 핫플레이스로 떠오르는데 한몫 한 ‘장진우식당’과 ‘부자피자’, ‘소이연남’, ‘툭툭누들타이’ 등의 인기도 여전했다.\r<br>\r<br>\r<br>\r<br>이번 서울 Best 50 선정 레스토랑을 보면 한국의 변화하는 미식 트렌드를 확인할 수 있는데, 양식과 일식의 비중이 높았던 예년과는 달리 모던 한식을 비롯하여 한우, 평양냉면 등 한식 메뉴의 식당들이 주를 이루고 있다. 특히 평양냉면은 시원하면서도 담백한 육수와 특유의 툭툭 끊어지는 듯한 식감으로 계절에 상관없이 마니아들에게 사랑받고 있는데 특히 ‘을밀대’, ‘평양면옥’, ‘우래옥’, ‘필동면옥’ 등이 그 명성을 자랑한다. 또한 ‘새벽집’, ‘대도식당’, ‘원강’, ‘봉피양’, ‘벽제갈비’ 등 한우 식당을 비롯해 ‘권숙수(모던한식)’, ‘삼청각(한정식)’도 이름을 올렸다.\r<br>\r<br>\r<br>\r<br>\r<br>\r<br>[참고 이미지 2] 서울 BEST 레스토랑 TOP 50\r<br>\r<br>\r<br>\r<br>멋진 조명과 인테리어로 사랑받는 양식 레스토랑으로는 에드워드 권의 ‘랩 24’, 피에르 가니에르 서울, 류태환 셰프의 ‘류니끄’, 정통 프렌치 ‘팔레드고몽’, ‘톡톡’ 등 프렌치 레스토랑과 ‘미피아체’, 샘킴 셰프의 ‘보나세라’, ‘리스토란테에오’, ‘멜팅샵’ 등 이탈리안 레스토랑, ‘GOOSTK733(스테이크)’ 등이 고루 선정되었다. 프랑스에서 미쉐린(미슐랭) 3 star를 받은 ‘스테이’는 올해 4월  롯데타워 시그니엘 호텔 81층에 오픈과 동시에 멋진 뷰와 맛으로 입소문을 타 Best 50에 선정되었다. \r<br>\r<br>\r<br>\r<br>스시 레스토랑으로는 웨스틴 조선호텔의 ‘스시조’, 미스터 초밥왕 한국 편에 등장하는 안효주 셰프의 ‘스시효’, 유명 스시집을 거친 최재훈 셰프의 ‘스시선수’, 고등어봉 스시로 유명해진 ‘스시코우지’, 신라호텔의 ‘아리아께\' 등 신선한 제철 재료와 특징 있는 오마카세 요리로 스시 마니아들의 사랑을 받고 있는 곳들이 선정되었다. 중식 레스토랑으로는 꾸준한 인기를 자랑하는 신라호텔의 ‘팔선’, 이연복 셰프의 ‘목란’, 압구정 ‘일일향’과 최근 무섭게 인기몰이를 하고 있는 신사동 ‘송쉐프’가 새롭게 Best 50에 선정되었다.\r<br>\r<br> \r<br>\r<br>또한 지속적으로 사랑을 받고 있는 한식 노포로는 족발(리북집, 성수족발), 삼계탕(토속촌, 호수삼계탕), 간장게장(진미식당), 만둣국(자하손만두), 닭볶음탕(목포집), 콩국수(진주집), 칼국수(명동교자), 수제비(삼청동수제비) 등이 이름을 올렸다.\r<br>\r<br>좋아요\r<br>7\r<br>카카오스토리페이스북밴드URL 복사\r<br>\r<br>매장 바로가기\r<br>\r<br>윤씨밀방\r<br>서울-강북, 홍대-상수63067160175\r<br>평점\r<br>4.0\r<br>\r<br>인기 메뉴\r<br>윤씨함박스테이크정식 8,500 원터키풍함박스테이크와계란볶음밥 9,500 원\r<br>소개\r<br>줄서서 먹는 홍대 퓨전 레스토랑\r<br>\r<br>\r<br>정식당\r<br>서울-강남, 청담동5860865180\r<br>평점\r<br>3.8\r<br>\r<br>인기 메뉴\r<br>점심식사 66,000 원저녁식사 130,000 원4course(점심) 66,000 원5course(저녁) 130,000 원\r<br>소개\r<br>메뉴가 매달 바뀌는 퓨전 한식당\r<br>\r<br>\r<br>진미식당\r<br>서울-강북, 마포-공덕58538145395\r<br>평점\r<br>4.0\r<br>\r<br>인기 메뉴\r<br>간장게장 1인 38,000 원간장게장(포장) 35,000 원\r<br>소개\r<br>서산 꽃게로 담근 간장게장 전문점\r<br>\r<br>\r<br>새벽집 청담동점발렛\r<br>서울-강남, 청담동48134106158\r<br>평점\r<br>4.0\r<br>\r<br>인기 메뉴\r<br>꽃등심(150g) 58,000 원불고기(200g) 32,000 원샤브샤브(160g) 32,000 원육회(200g) 32,000 원따로국밥 7,000 원\r<br>소개\r<br>부드러운 육회비빔밥이 유명한 곳\r<br>\r<br>\r<br>멜팅샵발렛\r<br>서울-강남, 압구정-도산공원4071185100\r<br>평점\r<br>3.9\r<br>\r<br>인기 메뉴\r<br>소프트쉘크랩 팝오버 28,700 원새우 비스크 리조또 31,200 원라자냐라면 23,800 원바지락 매생이 비빔면 24,800 원소꼬리찜과 깻잎 리조또 35,000 원\r<br>소개\r<br>다양한 퓨전 음식을 갖춘 레스토랑\r<br>\r<br>\r<br>목란주차\r<br>서울-강북, 연희동3935571286\r<br>평점\r<br>3.8\r<br>\r<br>인기 메뉴\r<br>짜장면 7,000 원짬뽕 10,000 원탕수육 20,000 원동파육(소) 45,000 원동파육(중) 55,000 원\r<br>소개\r<br>동파육이 맛있는 중식 레스토랑\r<br>\r<br>\r<br>밍글스\r<br>서울-강남, 청담동3806966194\r<br>평점\r<br>4.0\r<br>\r<br>인기 메뉴\r<br>Lunch menu 75,000 원Dinner menu 150,000 원\r<br>소개\r<br>한식과 양식의 경계를 오가는 퓨전요리\r<br>\r<br>\r<br>리북집\r<br>서울-강남, 신논현/영동시장36816122251\r<br>평점\r<br>4.2\r<br>\r<br>인기 메뉴\r<br>냉채족발 (특미) 35,000 원족발 (앞발) 35,000 원매운족발 30,000 원보쌈 33,000 원냉채해파리 추가 5,000 원\r<br>소개\r<br>냉채 족발이 인기인 족발 전문점\r<br>\r<br>\r<br>하동관명동본점\r<br>서울-강북, 명동34800144282\r<br>평점\r<br>3.8\r<br>\r<br>인기 메뉴\r<br>곰탕 일반 12,000 원곰탕(특) 15,000 원스무공 20,000 원수육(대) 50,000 원\r<br>소개\r<br>질 좋은 한우로 끓인 전통 있는 곰탕\r<br>\r<br>\r<br>스시효 청담점발렛\r<br>서울-강남, 청담동3468891193\r<br>평점\r<br>4.0\r<br>\r<br>인기 메뉴\r<br>점심 사시미코스 85,000 원점심스시코스 65,000 원디너 스시코스 145,000 원디너 사시미코스 165,000 원사시미 오마카세 0 원\r<br>소개\r<br>다양한 재료를 사용하는 스시 전문점', 'South Korea', 0, 4, '2019-12-04 05:21:25'),
	(43, 'root', '관리자', '캐나다 - 정보', '캐나다(Canada)는 북아메리카 대륙의 북쪽에 위치한 연방국이다. 북아메리카를 아메리카 합중국과 양분하여 벤쿠버 섬에서 오대호에 이르는 북위 49도선 이북을 통치하고 있는 나라로, 총 10개의 주(provinces)와 3개의 준주(territories)로 이루어져 있다. 지리적으로는 빙하기 그린란드와 육로로 이어져 있었던 만큼 북극과 가장 가까운 나라 중 하나이며, 대표적인 상징은 국기에도 그려져 있는 \'설탕단풍나무(Sugar maple; Acer saccharum)[8]\'와 \'아메리카비버(C. canadensis)\'다.\r<br>\r<br>캐나다는 영국의 정치 제도를 본따서 입헌군주제와 내각제를 채택했지만 땅이 넓은 관계로 이웃 미국의 제도를 모방해서 연방 국가가 되었다. 이 모델은 호주 연방 결성에도 영향을 주었다. 독립된 연방국체로서의 캐나다는 1867년 3월 29일 영국령 북아메리카 법(British North America Act)이 통과됨에 따라 온타리오, 퀘벡, 뉴브런즈윅, 노바스코샤가 연합해 캐나다 자치령(Canadian Confederation)이 된 것이 시작이며, 1949년에 마지막으로 뉴펀들랜드 자치령이 가입하여 현재의 영토가 완성되었다. 1982년에는 캐나다 법(Canada Act)이 통과되어, 영국 국회의 간섭 없이 헌법을 수정할 수 있는 고도의 주권이 성문법적으로도 보장되었다. 이로서 캐나다는 완전한 독립 국가로 거듭나게 된다.\r<br>\r<br>영연방 왕국의 일원으로, 캐나다의 실질적 정부수반(首班)은 캐나다 총리이지만 국가원수는 캐나다 국왕이다. 현재 캐나다의 국왕은 영국 국왕인 엘리자베스 2세가 맡고 있다. 영국 국왕은 영연방 가운데 영국을 국왕으로 인정하는 나라(동군연합)[9]들의 원수이면서 구성국들의 국왕을 겸한다. 엄밀히 캐나다 관점을 기준으로 같은 인물을 \'캐나다 국왕\'으로 둔 나라일 뿐, \'국가원수가 영국왕\'이라고 하면 안 되나, 영국 국왕의 경우 일반적으로 영국 런던에 있지 캐나다에 머무르고 있지는 않기 때문에 대중적으로는 \'영국 왕의 나라\'로 인식된다. 또한 이러한 부재로 인해 캐나다 현지의 저명 인사가 총독으로 임명되어 국가원수의 대리를 맡는다. 이것은 영국과 동군연합 상태인 다른 나라들도 동일하다. 물론, 영국과 동군연합을 하는 나라라고 반드시 총독을 둬야 하는 건 아니지만 해당 국가들은 관습적으로 총독을 두고 있다.\r<br>\r<br>1000만km2에 거의 육박한 면적을 가지고 있으며 러시아의 뒤를 이어 세계에서 2번째로 넓은 국토를 가지고 있다.[10] 중국보다 1.04배 크고 미국보다 1.01배 크며 러시아를 제외한 나머지 유럽 나라들을 합친 면적의 0.98배이다. 남한의 99.5배, 일본의 26.4배 정도 되는 면적을 가지고 있다. 앵글로아메리카에서는 면적 1위이고, 인구수는 미국에 이은 2위다. 다만 러시아와 비슷하게 북부는 추워서 살기가 힘들고 개발도 힘들기 때문에 실제 가용 면적은 실제 면적보다 차이가 난다. 다만 북부를 빼도 엄청난 면적임은 사실이다.\r<br>\r<br>세계 3위의 산유국이다. 이라크나 아랍 에미리트보다도 석유가 많이 난다.https://en.wikipedia.org/wiki/List_of_countries_by_proven_oil_reserves. 다만 석유나 천연가스 같은 자원의 경제적 가치는 단순한 매장량뿐만 아니라 채굴비용도 큰 영향을 끼치는데 캐나다는 이 분야의 끝판왕 중동국가들에 비하면 비용이 많이 높은 편이다. 그렇다고 미국처럼 셰일가스 산업의 기술이 한참 앞서있는 것도 아니라서, 15년 기준 유가가 급락하면서 2분기 연속 마이너스 성장, 침체에 들어갔다고 평가받고 있다.# 그래서 그 엄청난 매장량을 자랑하는 산유국 사람들이 국경과 가까운 도시에 살면 자주 미국에 가서 기름 넣고 온다.\r<br>\r<br>수도는 오타와. 프랑스계 인구 비율이 높은 몬트리올과 영국계 인구 비율이 높은 토론토가 다투다 국가의 균형발전을 위해 아예 인구 2만이 채 될까 말까 한 마을 하나를 수도로 정해 크게 키웠다. 현재 가장 큰 도시는 토론토, 두 번째로 큰 도시는 몬트리올이며 그 외에 밴쿠버, 캘거리, 에드먼턴, 퀘벡 시티, 위니펙, 핼리팩스,새스커툰 등이 주요 도시다.\r<br>\r<br>인구는 한국보다도 적은 3,700만 명[11] 수준이라 전체 국토면적으로 봤을 때는 인구 밀도가 매우 낮은 나라다. 세계에서 두 번째로 큰 나라가 한국보다 인구가 적으니 인구 밀도가 어떨지 대충 상상이 가능하다. 참고로 도시국가를 빼고 세계에서 인구밀도가 가장 높은 방글라데시에는 캐나다의 70분의 1 면적에 캐나다의 5배 인구가 산다. 가장 인구 밀도가 적은 주는 곰이 사람 넷 당 하나 비율로 있다고 할 정도. 하지만 인구의 대부분은 도시권역이나 미국과의 국경지대에 몰려있어서 웬만한 도시에서는 대도시 분위기가 난다. 결국 인구 적은 곳의 체감 인구 밀도는 더더욱 낮다.\r<br>\r<br>영연방 왕국의 회원국이지만 미국인이나 캐나다인이 아닌 다른 지역 사람이 보기에는 미국과 차이가 없는 나라로도 보인다. 십수년을 살아도 캐나다에 사는건지 미국 변두리 지방에 사는건지 햇갈릴 때도 있다. 캐나다의 주요 공항에는 미국 출입국 심사대가 따로 있고 미국은 캐나다인들을 아예 자국민 심사대와 같은 곳으로 받는다. 그리고 다른 영연방 국가와는 달리 차량이 미국처럼 우측통행. 이 나라는 원래 지역에 따라 차량이 좌측통행을 하는 곳과 우측통행을 하는 곳이 나뉘어 있었는데 결국 미국을 왕래하는 수요가 많다 보니 우측통행으로 통일시켰다. 어차피 영국에서 캐나다까지 차를 가지고 와서 운전할 일이 극히 드물기 때문에 미국을 따라가는 건 당연한 결정이었다. 인구도 많고 그만큼 차도 많이 다니는 미국이 캐나다 따라갈 리도 없다. 측통행을 했던 유명한 지역으로 1949년에야 캐나다에 가입한 뉴펀들랜드(현 뉴펀들랜드 래브라도 주)가 있다.', 'Canada', 0, 4, '2019-12-04 05:22:09'),
	(44, 'root', '관리자', '캐나다 - 맛집', '1. GO FISH\r<br>\r<br>[캐나다 맛집] 캐나다 밴쿠버에서 꼭 들려야할 맛집8\r<br> \r<br>[캐나다 맛집] 캐나다 밴쿠버에서 꼭 들려야할 맛집8\r<br>\r<br>그랜빌 아일랜드에 있는 GO FISH입니다.\r<br>항구 전망의 피시 앤 칩스 맛집!\r<br>현지 유학생의 추천메뉴는 헬리벗 입니다~\r<br>고피시는 손으로 뜯어 먹어야 제막이죠~\r<br>바로 잡은 잘 튀겨진 넙치!\r<br>바로 잡아 잘튀겨진 넘치는\r<br>부드러운 식감과 고소한 맛으로\r<br>정말 맛있다고해요~\r<br>\r<br>여기서 팁!!!\r<br>양이 많은 사람은 큰 바가지\r<br>양이 적은 사람은 작은 바가지\r<br>양에 따라 선택해보세요~\r<br>\r<br>\r<br>[캐나다 맛집] 캐나다 밴쿠버에서 꼭 들려야할 맛집8\r<br>\r<br>[캐나다 맛집] 캐나다 밴쿠버에서 꼭 들려야할 맛집8\r<br>\r<br>딥 코브에 있는 HONEY DONUT\r<br>근처에 호수가 있어 도넛을 들고가서\r<br>경치보면서 먹으면 꿀맛~~\r<br>현지유학생의 추천메뉴 허니 글레이즈드 도넛!\r<br>셀럽들이 전용기 타고와서 사간다는\r<br>말이있다던데... 그만큼 맛있고 유명해서가\r<br>아닐까요???\r<br>딥코브 등산 후 허니도넛은 현지인들에게\r<br>필수 코스입니다ㅎㅎ\r<br>크기도 주먹만해서 양도 많아요~\r<br>\r<br>여기서 팁!!!\r<br>기호에 따라 다양하게\r<br>도전해보고, 테이크아웃해서\r<br>호수를 보며 먹어보세요~\r<br>\r<br>\r<br>[캐나다 맛집] 캐나다 밴쿠버에서 꼭 들려야할 맛집8\r<br>\r<br>[캐나다 맛집] 캐나다 밴쿠버에서 꼭 들려야할 맛집8\r<br>\r<br>다운타운에 있는  THE HOLY CRAB\r<br>홀리크랩에서는 먹기전에 준비가 필요해요!\r<br>도구가 아닌 손으로 뜯어먹기 위해서\r<br>비닐장갑이 필요해요~\r<br>\r<br>현지유학생의 추천메뉴 던지니스 크랩\r<br>뜯고 부시고 듬뿍 발라드세요~\r<br>\r<br>여기서 팁!!!\r<br>꼭 오리지널 소스를 발라드세요~\r<br>\r<br>\r<br>[캐나다 맛집] 캐나다 밴쿠버에서 꼭 들려야할 맛집8\r<br>\r<br>[캐나다 맛집] 캐나다 밴쿠버에서 꼭 들려야할 맛집8\r<br>\r<br>다운타운에 있는 JAPADOG\r<br>현지유학생의 추천메뉴는\r<br>스파이시 치즈 테리마요 입니다~\r<br>일식과 핫도그의 만남인 핫도그로\r<br>소시지부터 고로케, 야끼소바,\r<br>모든것이 핫도그가 됩니다~\r<br>\r<br>여기서 팁!!!\r<br>양념감자는 취행대로 골라드세요~\r<br>\r<br>\r<br>[캐나다 맛집] 캐나다 밴쿠버에서 꼭 들려야할 맛집8\r<br>\r<br>[캐나다 맛집] 캐나다 밴쿠버에서 꼭 들려야할 맛집8\r<br>\r<br>잉글리시 베이에있는 CACTUS CLUB\r<br>잉글리시 베이의 분위기 깡패 맛집!\r<br>현지유학생의 추천메뉴는 시저입니다~\r<br>독특하고 중독성 있는 캐나다 국민 칵테일\r<br>입니다. 조개육수, 토마토,\r<br>타바스코 소스 드리고 보드카!\r<br>현지유학생의 추천 음식 메뉴는\r<br>모던보울 , 크레올리 스테이크 앤 프로운\r<br>입니다.\r<br>\r<br>\r<br>[캐나다 맛집] 캐나다 밴쿠버에서 꼭 들려야할 맛집8\r<br>\r<br>[캐나다 맛집] 캐나다 밴쿠버에서 꼭 들려야할 맛집8\r<br>\r<br>다운타운에 있는 STEPHO\r<br>현지유학생의 추천메뉴 로스트 램브입니다.\r<br>그리스 음식으로 맛집 스테포의\r<br>대표 메뉴에요~~ㅎㅎ\r<br>결대로 갈라지는 부드러운 양고기가\r<br>일푼인데요. 양고기 특유의\r<br>향이 전혀 나지 않습니다.\r<br>\r<br>\r<br>[캐나다 맛집] 캐나다 밴쿠버에서 꼭 들려야할 맛집8\r<br>\r<br>[캐나다 맛집] 캐나다 밴쿠버에서 꼭 들려야할 맛집8\r<br>\r<br>다운타운에 있는 FIVE GUYS\r<br>현지유학생의 추천메뉴 베이컨 치즈버거\r<br>FIVE GUYS가 밴쿠버에만 있는건\r<br>아니지만 북미 3대 버거를\r<br>밴쿠버에서도 먹을 수 있습니다~!\r<br>\r<br>여기서 팁!!!\r<br>맛있는 땅콩은 무한리필~!\r<br>그리고 감자튀긴은 꼭\r<br>오리지널로 먹어보세요!\r<br>\r<br>\r<br>[캐나다 맛집] 캐나다 밴쿠버에서 꼭 들려야할 맛집8\r<br>\r<br>[캐나다 맛집] 캐나다 밴쿠버에서 꼭 들려야할 맛집8\r<br>\r<br>마지막은 다운타운에 있는 BELLA\r<br>줄서서 먹는건 기본...\r<br>인기있는 디저트라 줄이 긴건 당연!!\r<br>밴쿠버의 월드베스트 젤라또 가게라고\r<br>합니다~ 현지유학생 추천메뉴는\r<br>밴쿠버 아일랜드 씨 솔트 , 말차\r<br>입니다\r<br>\r<br>지금까지 알아본 캐나다 밴쿠버의\r<br>추천 맛집 8곳!! 꼭 가보세요~^^', 'Canada', 0, 4, '2019-12-04 05:22:51'),
	(45, 'root', '관리자', '미국 - 맛집', '여행 초보자들에겐 아직 너무나도 어려운 \r<br>라라랜드의 그곳, 미국 로스앤젤레스.\r<br>\r<br>그래서 클룩이 준비했습니다! \r<br>미국 LA 여행 필수 명소를 이어\r<br>LA 에서만 맛볼수있는 리얼 맛집 BEST 8\r<br>\r<br>\r<br> LA 여행 가면 꼭 먹어봐야 하는 \r<br>필수 #먹스타그램 먹킷리스트 \r<br>바로 시작해볼까용?\r<br>\r<br>스티커 이미지\r<br>\r<br>LA 필수 여행템 구경하기!\r<br>로스앤젤레스 - Klook\r<br>미국 서부 여행자들의 필수 방문지인 로스앤젤레스! LA 디즈니랜드, 유니버셜 스튜디오 같은 세계적인 테마파크부터 세계적인 음악 시상식인 그래미에 대한 모든 것을 배울 수 있는 그래미 박물관까지 다양한 즐길 거리로 가득합니다. 전 세계의 예술가들이 모이는 꿈과 낭만의 도시로 떠나보세요.\r<br>www.klook.com\r<br>1. 솔트 앤 스트로우\r<br>Salt and Straw\r<br>\r<br>©EaterLA\r<br>LA 대표 아이스크림 맛집\r<br>솔트 앤 스트로우!\r<br>이곳의 아이스크림은 모두 수제이며\r<br>유기농 우유와 매장에서 직접 구운 와플콘을\r<br>쓴다고 해요!\r<br>\r<br>(그래서 매장 주위에서는 거부할 수 없는 달콤한 냄새가 가득하다는...!)\r<br>스티커 이미지\r<br> \r<br>솔트 앤 스트로우는 아주 신기한 플레이버 (flavor)들이 많은 거로 유명하답니다!\r<br>특히, 라벤더 맛이 인기메뉴이에요~\r<br>LA 아트 디스트릭트, 베니스, 비벌리 힐즈, \r<br>멜로즈 등 엘에이 곳곳에 \r<br>매장이 있으니 꼭 한번 먹어보아요!\r<br>\r<br>©DiscoverLA\r<br>2. 에그 슬럿\r<br>Egg Slut\r<br>\r<br>브런치 버거의 끝판왕, 에그슬럿!\r<br>에그슬럿은 너무 유명한 엘에이 필수 맛집이에요.\r<br>많은 관광객들이 LA로 에그슬럿을\r<br>먹으로 올 정도라고 하죠!\r<br>LA에는 다운타운 그랜드 센트럴 마켓, 베니스,\r<br>웨스트 할리우드점이 있답니다.\r<br>항상 줄이 길게 늘어서 있다니 일찍 가서\r<br>먹는 걸 추천해요~\r<br> \r<br>에그슬럿은 달걀 전문으로 만드는\r<br>브런치 스크램블에그 버거 맛집이에요.\r<br>버거 사이에 넣어주는 부드럽고 버러뤼한\r<br>에그 스크럼블은 \r<br>꿀맛 핵맛 핵꿀맛이랍니다~\r<br>\r<br>아보카도, 스테이크, 베이컨, 햄버거 패티들 등 \r<br>다양한 메뉴도 만나볼 수 있어요!\r<br>\r<br>©aguronutnewsweekly\r<br>버거도 정말 맛있지만\r<br>매장에서 직접 짜는 생 오렌지 주스와 \r<br>또 위 사진의 \'슬럿\' 이라는\r<br>에그 매쉬드 포테이토는 \r<br>정말 잊을 수 없는 맛이에요~!\r<br>스티커 이미지\r<br>3. 블루보틀 커피\r<br>Blue Bottle Coffee\r<br>\r<br>©EaterLA\r<br>캘리포니아 여행하면 빠질 수 없는 카페,\r<br>블루보틀 커피!\r<br>커피 맛은 이미 세계적으로 인정받아\r<br>한국과 일본에도 체인점이 들어왔다고 하죠!\r<br>\r<br>©EaterLA\r<br>하지만 원조인 캘리포니아점에서는\r<br>이렇게 멋진 인테리어와\r<br>더 다양한 브런치 메뉴와 페이스튜리를\r<br>즐길 수 있답니다!\r<br>\r<br>©CurbedLA\r<br>4. 인앤아웃\r<br>IN N OUT Burger\r<br>\r<br>미국 캘리포니아주의 넘버#1 버거, 인앤아웃!\r<br>미국 최고의 버거 자리를 위해 항상 쉑쉑과\r<br>함께 경쟁하는 인앤아웃!\r<br>신선한 재료와 육즙이 흘러넘치는 패티가\r<br>넘사벽인 버거 맛집이랍니다.\r<br>스티커 이미지\r<br>\r<br>©seriouseats\r<br>특히, 인앤아웃의 시크릿 메뉴 \'애니멀 후라이즈\'\r<br>(Animal Fries)는 어마무시한 양에\r<br>치즈, 싸우즌아이랜드 소스, 그리고 그릴드\r<br>어니언이 토핑 되어 있어요.\r<br>인앤아웃에 간다면 꼭 시크릿 메뉴\r<br>\'애니멀 후라이즈\'까지 먹어보아요!\r<br>5. 필즈 커피\r<br>Philz Coffee\r<br>\r<br>©Kimchronicles\r<br>이곳은 오직 미국에서만 먹어볼 수 있는\r<br>아주 특별한 커피를 판답니다\r<br>바로바로 민트 모히토 커피!\r<br>처음 먹어보는 신기한 맛이지만 강하게 중독되는\r<br>상쾌한 커피맛...!\r<br>스티커 이미지\r<br>\r<br>©GoDairyfree\r<br>매장에 방문하면 너무나도 친절한\r<br>바리스타가 커피 드립잉 과정을 \r<br>하나하나씩 유쾌하게 설명해주신답니다!\r<br>6. 말리부 팜 피어 카페\r<br>Malibu Farm Pier Cafe\r<br>\r<br>©eaterLA\r<br>환상적인 말리부 비치뷰와 건강하고\r<br>예쁜 브런치 한끼를 즐길 수 있는 곳!\r<br>사실 이곳은 로컬들의 핫플레이스여서\r<br>관광객들보단 엘에이 현지인들이 더 많은 곳이에요.\r<br>\r<br>@thrilist.com\r<br>말리부 팜에서는 신선한 건강 드링크, 비건 피자,\r<br>오가닉 아이스크림 등\r<br>LA 현지인들에 취향저격인 메뉴들이 아주 많아요!\r<br>이곳에서 진짜 LA 로컬들처럼\r<br>야외 테라스에서 캘리포니안 햇빛을 즐기며\r<br>맛있고 건강한 브런치를 즐겨보세요~\r<br> \r<br>©CoastalLiving\r<br>7. 포케 쉐크 \r<br>The Poke Shack \r<br> \r<br>@pokeshack\r<br>건강한 먹거리와 삶을 추구하는\r<br>LA현지인들이 사랑하는 음식, 포케!\r<br>포케는 신선한 연어, 튜나 사시미 슬라이스를\r<br>원하는 소스에 묻혀서\r<br>현미밥 그리고 샐러드와 함께 섞어 먹는\r<br>하와이안 퓨전 음식이랍니다!\r<br>\r<br>@nomnomla\r<br>특히, 포케 쉐크는 LA 대표 포케 체인점이며\r<br>포케 플레이팅이 아주 이쁘고\r<br>또 아사이볼까지 함께 판답니다~\r<br>인스타그램과 로컬 파워 블로거들 사이에서도 아주 핫한 포케 맛집이에요.\r<br>스티커 이미지\r<br>8. 블루 잼 카페\r<br>Blu Jam Cafe\r<br>\r<br>©DiscoverLA\r<br>이곳은 LA의 브런치 맛집, 블루 잼 카페에요!\r<br>항상 로컬들에 끊임없는 사랑을 받는 곳이죠~\r<br>에그 베네딕트, 오믈렛, 해쉬 브라운 등 \r<br>올데이 브런치 메뉴가 인기만점이랍니다.\r<br>모든 플레이트는 아주 아메리칸 사이즈로 \r<br>나오는 곳이라는 점도 꼭 참고하세요!\r<br>스티커 이미지\r<br>\r<br>사실 이곳은 프렌치 토스트 맛집으로\r<br>소문난 곳이에요!\r<br>블루 잼의 크런치 프렌치 토스트는 정말\r<br>역대급 환상의 프렌치 토스트 맛이에요~\r<br>겉은 바삭하고 달콤하면서도 촉촉하고\r<br>버러뤼한 빵안이\r<br>정말 환상적이랍니다!\r<br>', 'USA', 0, 4, '2019-12-04 05:23:35'),
	(46, 'root', '관리자', '일본 - 환률', '19.12.03\r<br>1,093.30\r<br>▲12.54\r<br>+1.16%\r<br>1,112.43\r<br>1,074.17\r<br>1,104.01\r<br>1,082.59\r<br>1.7818\r<br>0.9187\r<br>19.12.02\r<br>1,080.76\r<br>▲3.58\r<br>+0.33%\r<br>1,099.67\r<br>1,061.85\r<br>1,091.35\r<br>1,070.17\r<br>1.784\r<br>0.9120\r<br>19.11.29\r<br>1,077.18\r<br>▼0.07\r<br>-0.01%\r<br>1,096.03\r<br>1,058.33\r<br>1,087.73\r<br>1,066.63\r<br>1.811\r<br>0.9129\r<br>19.11.28\r<br>1,077.25\r<br>▼1.89\r<br>-0.18%\r<br>1,096.10\r<br>1,058.40\r<br>1,087.80\r<br>1,066.70\r<br>1.8898\r<br>0.9137\r<br>19.11.27\r<br>1,079.14\r<br>▼1.38\r<br>-0.13%\r<br>1,098.02\r<br>1,060.26\r<br>1,089.71\r<br>1,068.57\r<br>1.877\r<br>0.9165\r<br>19.11.26\r<br>1,080.52\r<br>▼0.37\r<br>-0.03%\r<br>1,099.42\r<br>1,061.62\r<br>1,091.10\r<br>1,069.94\r<br>1.8767\r<br>0.9176\r<br>19.11.25\r<br>1,080.89\r<br>▼4.47\r<br>-0.41%\r<br>1,099.80\r<br>1,061.98\r<br>1,091.48\r<br>1,070.30\r<br>1.8737\r<br>0.9187\r<br>19.11.22\r<br>1,085.36\r<br>▲3.10\r<br>+0.29%\r<br>1,104.35\r<br>1,066.37\r<br>1,095.99\r<br>1,074.73\r<br>1.8735\r<br>0.9214\r<br>19.11.21\r<br>1,082.26\r<br>▲2.91\r<br>+0.27%\r<br>1,101.19\r<br>1,063.33\r<br>1,092.86\r<br>1,071.66\r<br>1.8742\r<br>0.9207\r<br>19.11.20\r<br>1,079.35\r<br>▲7.30\r<br>+0.68%\r<br>1,098.23\r<br>1,060.47\r<br>1,089.92\r<br>1,068.78\r<br>1.872\r<br>0.9221\r<br>', 'Japan', 0, 3, '2019-12-04 05:24:31'),
	(47, 'root', '관리자', '일본 - 쿠쥬고원티지 여행박사', '[온천 특별기획전] 여행박사 독점계약, 쿠쥬고원코티지+아라키온천호텔♨ 알찬 2박3일\r<br>\r<br>특전 1. 전일정 온천호텔 숙박으로 노곤노곤 즐기는 온천욕♨\r<br>특전 2. 저녁식사는 호텔에서! 일본 정식, 가이세키 요리 제공\r<br>\r<br>특전 3. 일본 여성들이 선호하는 유후인 온천마을 둘러보기\r<br>특전 4. 떠오르는 SNS 스팟, 구마모토의 카미시키미쿠마노이마스 신사\r<br>특전 5. 일본 전문 가이드와 전일정을 함께!\r<br>특전 6. 여행박사 일본 패키지 상품혜택 제공', 'Japan', 0, 4, '2019-12-04 05:25:23'),
	(48, 'root', '관리자', '일본 - 문화', '일본은 문화적으로 칼 같이 질서를 지키려는 경향이 있다. 그렇기 때문에 특별한 이유없이 타인(타집단)을 침해하거나 자신(자기 집단)이 침해받는 것을 극도로 꺼리고 규칙을 어기는 사람이나 단체를 배척하는 경향이 있다.(이지메 등) 이렇게 극도로 타인을 침해하는 것을 혐오하는 그들의 문화를 \'메이와쿠\'라고 한다. 김선일 피살사건에서 한국인들이 \'그래도 우리 국민인데 구해야 하지 않겠느냐\'라고 했던 것과 달리,[2] 일본에서는 대중들의 태도도 냉소나 무관심을 넘어 조롱, 비난으로까지 이어지는 경우가 대부분이었다. 여기에 피랍자의 부모나 가족이 기자들 앞에서 나와 \'국민들께 불편을 끼쳐 대단히 죄송하다\'며 고개 숙이며 사죄하는 장면이 어김없이 등장한 것은 이러한 메이와쿠 문화의 일면을 보여줬다고 할 수 있다.\r<br>\r<br>일본인들은 외국에 나가면 개방적이고 편한 기분이 든다는 말을 한다. 일본인 중에 사회적 활동을 그렇게 좋아하지 않고 자기만의 세계를 추구하는 사람들이 나오는 이유도 예의범절을 지키기가 상대적으로 너무 힘들기 때문이라는 분석도 있다. 위의 "다른 사람들에게 영향을 끼치는 일 전체에 메이와쿠가 적용된다."라는 말이 농담이 아니다. 작은 일도 생각보다 상당히 기분 나빠할 수 있다.\r<br>\r<br>현대에 들어 고독사나 히키코모리 자살자에 대한 시선도 일반적으로 폐를 끼치고 죽은 낙오자 정도로 생각하는 사람들이 많아 좋지 않다. 지하철로 뛰어들어 자살했다거나 해서 남에게 폐를 끼치면 벌금을 맞고, 자살자를 불쌍하게 보는 게 아니라 기분 나쁘다고 하는 사람들도 은근히 있다. 보수적인 시각[3]을 가진 사람들은 자살자를 사회와 가정에 민폐나 끼치는 패배자로 규정하고 방치에 가깝게 놓아두려고 하며, 일본의 자살 방지 단체는 정부 지원을 못 받는 민간단체가 많다.[4] 심지어 스스로 실종되는 사람으로 되는 등 일명 밤 이사라는 것도 있다.영상[5]\r<br>\r<br>이런 문화가 형성된 이유를 섬나라라는 환경에서 찾는 경우가 많다. 그러나 필리핀이나 대만처럼 섬나라면서 외향적인 성격을 지닌 곳도 많다. 그리고 오사카나 후쿠오카에만 가도 한국인들만큼 외향적인 곳도 있다. 무사들에 의한 정권들이 오래 지속되어 계급 간의 지켜야 할 부분들이 지나치게 강요된 탓이라는 분석도 있다.[6][7] 국화와 칼에선 인간이 어느 정도는 제한이 있는 자유에서 편안함을 느끼듯, 일본인들도 이런 봉건적 계급 차가 있고 평온하며 모든 일이 예측 가능한 사회 질서를 편안해 한다고 분석했다. 이에 관해서는 다테마에 참고.', 'Japan', 0, 2, '2019-12-04 05:26:05');
/*!40000 ALTER TABLE `inform` ENABLE KEYS */;

-- 테이블 happytravel.review 구조 내보내기
CREATE TABLE IF NOT EXISTS `review` (
  `review_num` int(20) NOT NULL AUTO_INCREMENT COMMENT '글 번호',
  `user_id` varchar(50) COLLATE utf8_bin NOT NULL COMMENT '유저 ID',
  `user_name` varchar(50) COLLATE utf8_bin NOT NULL COMMENT '유저 이름',
  `title` varchar(50) COLLATE utf8_bin NOT NULL COMMENT '게시판 타이틀',
  `contents` mediumtext COLLATE utf8_bin NOT NULL COMMENT '게시판 내용',
  `country` varchar(50) COLLATE utf8_bin NOT NULL COMMENT '국가이름',
  `hits` int(11) NOT NULL DEFAULT 0 COMMENT '조회수',
  `rating` int(1) NOT NULL DEFAULT 0 COMMENT '별점',
  `reg_date` datetime NOT NULL DEFAULT current_timestamp() COMMENT '등록일',
  PRIMARY KEY (`review_num`)
) ENGINE=InnoDB AUTO_INCREMENT=253 DEFAULT CHARSET=utf8 COLLATE=utf8_bin;

-- 테이블 데이터 happytravel.review:~239 rows (대략적) 내보내기
DELETE FROM `review`;
/*!40000 ALTER TABLE `review` DISABLE KEYS */;
INSERT INTO `review` (`review_num`, `user_id`, `user_name`, `title`, `contents`, `country`, `hits`, `rating`, `reg_date`) VALUES
	(1, 'xodnwong74', '김영웅', '은디와 함께하는 니뽄 뿌수기', '우리 은디랑 니뽄 뿌셨어용 >_=\r\n갸쥬아\r\n라멘 갸쥬아					', 'Japan', 35, 5, '2019-12-03 19:54:10'),
	(2, 'xodnwong74', '김영웅', '은디와 함께하는 니뽄 뿌수기', '우리 은디랑 니뽄 뿌셨어용 >_=\r\n갸쥬아\r\n라멘 갸쥬아					', 'Japan', 35, 5, '2019-12-03 19:54:10'),
	(15, 'xodnwong74', '김영웅', '은디와 함께하는 니뽄 뿌수기', '우리 은디랑 니뽄 뿌셨어용 >_=\r\n갸쥬아\r\n라멘 갸쥬아					', 'Japan', 35, 5, '2019-12-03 19:54:10'),
	(16, 'xodnwong74', '김영웅', '은디와 함께하는 니뽄 뿌수기', '우리 은디랑 니뽄 뿌셨어용 >_=\r\n갸쥬아\r\n라멘 갸쥬아					', 'Japan', 35, 5, '2019-12-03 19:54:10'),
	(17, 'xodnwong74', '김영웅', '은디와 함께하는 니뽄 뿌수기', '우리 은디랑 니뽄 뿌셨어용 >_=\r\n갸쥬아\r\n라멘 갸쥬아					', 'Japan', 35, 5, '2019-12-03 19:54:10'),
	(18, 'xodnwong74', '김영웅', '은디와 함께하는 니뽄 뿌수기', '우리 은디랑 니뽄 뿌셨어용 >_=\r\n갸쥬아\r\n라멘 갸쥬아					', 'Japan', 35, 5, '2019-12-03 19:54:10'),
	(19, 'xodnwong74', '김영웅', '은디와 함께하는 니뽄 뿌수기', '우리 은디랑 니뽄 뿌셨어용 >_=\r\n갸쥬아\r\n라멘 갸쥬아					', 'Japan', 36, 5, '2019-12-03 19:54:10'),
	(20, 'xodnwong74', '김영웅', '은디와 함께하는 니뽄 뿌수기', '우리 은디랑 니뽄 뿌셨어용 >_=\r\n갸쥬아\r\n라멘 갸쥬아					', 'Japan', 35, 5, '2019-12-03 19:54:10'),
	(22, 'xodnwong74', '김영웅', '은디와 함께하는 니뽄 뿌수기', '우리 은디랑 니뽄 뿌셨어용 >_=\r\n갸쥬아\r\n라멘 갸쥬아					', 'Japan', 35, 5, '2019-12-03 19:54:10'),
	(23, 'xodnwong74', '김영웅', '은디와 함께하는 니뽄 뿌수기', '우리 은디랑 니뽄 뿌셨어용 >_=\r\n갸쥬아\r\n라멘 갸쥬아					', 'Japan', 35, 5, '2019-12-03 19:54:10'),
	(24, 'xodnwong74', '김영웅', '은디와 함께하는 니뽄 뿌수기', '우리 은디랑 니뽄 뿌셨어용 >_=\r\n갸쥬아\r\n라멘 갸쥬아					', 'Japan', 36, 5, '2019-12-03 19:54:10'),
	(25, 'xodnwong74', '김영웅', '은디와 함께하는 니뽄 뿌수기', '우리 은디랑 니뽄 뿌셨어용 >_=\r\n갸쥬아\r\n라멘 갸쥬아					', 'Japan', 35, 5, '2019-12-03 19:54:10'),
	(26, 'xodnwong74', '김영웅', '은디와 함께하는 니뽄 뿌수기', '우리 은디랑 니뽄 뿌셨어용 >_=\r\n갸쥬아\r\n라멘 갸쥬아					', 'Japan', 35, 5, '2019-12-03 19:54:10'),
	(27, 'xodnwong74', '김영웅', '은디와 함께하는 니뽄 뿌수기', '우리 은디랑 니뽄 뿌셨어용 >_=\r\n갸쥬아\r\n라멘 갸쥬아					', 'Japan', 35, 5, '2019-12-03 19:54:10'),
	(28, 'xodnwong74', '김영웅', '은디와 함께하는 니뽄 뿌수기', '우리 은디랑 니뽄 뿌셨어용 >_=\r\n갸쥬아\r\n라멘 갸쥬아					', 'Japan', 35, 5, '2019-12-03 19:54:10'),
	(29, 'xodnwong74', '김영웅', '은디와 함께하는 니뽄 뿌수기', '우리 은디랑 니뽄 뿌셨어용 >_=\r\n갸쥬아\r\n라멘 갸쥬아					', 'Japan', 35, 5, '2019-12-03 19:54:10'),
	(30, 'xodnwong74', '김영웅', '은디와 함께하는 니뽄 뿌수기', '우리 은디랑 니뽄 뿌셨어용 >_=\r\n갸쥬아\r\n라멘 갸쥬아					', 'Japan', 35, 5, '2019-12-03 19:54:10'),
	(31, 'xodnwong74', '김영웅', '은디와 함께하는 니뽄 뿌수기', '우리 은디랑 니뽄 뿌셨어용 >_=\r\n갸쥬아\r\n라멘 갸쥬아					', 'Japan', 35, 5, '2019-12-03 19:54:10'),
	(32, 'xodnwong74', '김영웅', '은디와 함께하는 니뽄 뿌수기', '우리 은디랑 니뽄 뿌셨어용 >_=\r\n갸쥬아\r\n라멘 갸쥬아					', 'Japan', 35, 5, '2019-12-03 19:54:10'),
	(33, 'xodnwong74', '김영웅', '은디와 함께하는 니뽄 뿌수기', '우리 은디랑 니뽄 뿌셨어용 >_=\r\n갸쥬아\r\n라멘 갸쥬아					', 'Japan', 35, 5, '2019-12-03 19:54:10'),
	(34, 'xodnwong74', '김영웅', '은디와 함께하는 니뽄 뿌수기', '우리 은디랑 니뽄 뿌셨어용 >_=\r\n갸쥬아\r\n라멘 갸쥬아					', 'Japan', 35, 5, '2019-12-03 19:54:10'),
	(35, 'xodnwong74', '김영웅', '은디와 함께하는 니뽄 뿌수기', '우리 은디랑 니뽄 뿌셨어용 >_=\r\n갸쥬아\r\n라멘 갸쥬아					', 'Japan', 35, 5, '2019-12-03 19:54:10'),
	(36, 'xodnwong74', '김영웅', '은디와 함께하는 니뽄 뿌수기', '우리 은디랑 니뽄 뿌셨어용 >_=\r\n갸쥬아\r\n라멘 갸쥬아					', 'Japan', 35, 5, '2019-12-03 19:54:10'),
	(37, 'xodnwong74', '김영웅', '은디와 함께하는 니뽄 뿌수기', '우리 은디랑 니뽄 뿌셨어용 >_=\r\n갸쥬아\r\n라멘 갸쥬아					', 'Japan', 35, 5, '2019-12-03 19:54:10'),
	(38, 'xodnwong74', '김영웅', '은디와 함께하는 니뽄 뿌수기', '우리 은디랑 니뽄 뿌셨어용 >_=\r\n갸쥬아\r\n라멘 갸쥬아					', 'Japan', 35, 5, '2019-12-03 19:54:10'),
	(39, 'xodnwong74', '김영웅', '은디와 함께하는 니뽄 뿌수기', '우리 은디랑 니뽄 뿌셨어용 >_=\r\n갸쥬아\r\n라멘 갸쥬아					', 'Japan', 35, 5, '2019-12-03 19:54:10'),
	(40, 'xodnwong74', '김영웅', '은디와 함께하는 니뽄 뿌수기', '우리 은디랑 니뽄 뿌셨어용 >_=\r\n갸쥬아\r\n라멘 갸쥬아					', 'Japan', 35, 5, '2019-12-03 19:54:10'),
	(41, 'xodnwong74', '김영웅', '은디와 함께하는 니뽄 뿌수기', '우리 은디랑 니뽄 뿌셨어용 >_=\r\n갸쥬아\r\n라멘 갸쥬아					', 'Japan', 35, 5, '2019-12-03 19:54:10'),
	(42, 'xodnwong74', '김영웅', '은디와 함께하는 니뽄 뿌수기', '우리 은디랑 니뽄 뿌셨어용 >_=\r\n갸쥬아\r\n라멘 갸쥬아					', 'Japan', 35, 5, '2019-12-03 19:54:10'),
	(43, 'xodnwong74', '김영웅', '은디와 함께하는 니뽄 뿌수기', '우리 은디랑 니뽄 뿌셨어용 >_=\r\n갸쥬아\r\n라멘 갸쥬아					', 'Japan', 35, 5, '2019-12-03 19:54:10'),
	(44, 'xodnwong74', '김영웅', '은디와 함께하는 니뽄 뿌수기', '우리 은디랑 니뽄 뿌셨어용 >_=\r\n갸쥬아\r\n라멘 갸쥬아					', 'Japan', 35, 5, '2019-12-03 19:54:10'),
	(45, 'xodnwong74', '김영웅', '은디와 함께하는 니뽄 뿌수기', '우리 은디랑 니뽄 뿌셨어용 >_=\r\n갸쥬아\r\n라멘 갸쥬아					', 'Japan', 35, 5, '2019-12-03 19:54:10'),
	(46, 'xodnwong74', '김영웅', '은디와 함께하는 니뽄 뿌수기', '우리 은디랑 니뽄 뿌셨어용 >_=\r\n갸쥬아\r\n라멘 갸쥬아					', 'Japan', 35, 5, '2019-12-03 19:54:10'),
	(47, 'xodnwong74', '김영웅', '은디와 함께하는 니뽄 뿌수기', '우리 은디랑 니뽄 뿌셨어용 >_=\r\n갸쥬아\r\n라멘 갸쥬아					', 'Japan', 35, 5, '2019-12-03 19:54:10'),
	(48, 'xodnwong74', '김영웅', '은디와 함께하는 니뽄 뿌수기', '우리 은디랑 니뽄 뿌셨어용 >_=\r\n갸쥬아\r\n라멘 갸쥬아					', 'Japan', 35, 5, '2019-12-03 19:54:10'),
	(49, 'xodnwong74', '김영웅', '은디와 함께하는 니뽄 뿌수기', '우리 은디랑 니뽄 뿌셨어용 >_=\r\n갸쥬아\r\n라멘 갸쥬아					', 'Japan', 35, 5, '2019-12-03 19:54:10'),
	(50, 'xodnwong74', '김영웅', '은디와 함께하는 니뽄 뿌수기', '우리 은디랑 니뽄 뿌셨어용 >_=\r\n갸쥬아\r\n라멘 갸쥬아					', 'Japan', 35, 5, '2019-12-03 19:54:10'),
	(51, 'xodnwong74', '김영웅', '은디와 함께하는 니뽄 뿌수기', '우리 은디랑 니뽄 뿌셨어용 >_=\r\n갸쥬아\r\n라멘 갸쥬아					', 'Japan', 35, 5, '2019-12-03 19:54:10'),
	(52, 'xodnwong74', '김영웅', '은디와 함께하는 니뽄 뿌수기', '우리 은디랑 니뽄 뿌셨어용 >_=\r\n갸쥬아\r\n라멘 갸쥬아					', 'Japan', 35, 5, '2019-12-03 19:54:10'),
	(53, 'xodnwong74', '김영웅', '은디와 함께하는 니뽄 뿌수기', '우리 은디랑 니뽄 뿌셨어용 >_=\r\n갸쥬아\r\n라멘 갸쥬아					', 'Japan', 35, 5, '2019-12-03 19:54:10'),
	(54, 'xodnwong74', '김영웅', '은디와 함께하는 니뽄 뿌수기', '우리 은디랑 니뽄 뿌셨어용 >_=\r\n갸쥬아\r\n라멘 갸쥬아					', 'Japan', 35, 5, '2019-12-03 19:54:10'),
	(55, 'xodnwong74', '김영웅', '은디와 함께하는 니뽄 뿌수기', '우리 은디랑 니뽄 뿌셨어용 >_=\r\n갸쥬아\r\n라멘 갸쥬아					', 'Japan', 35, 5, '2019-12-03 19:54:10'),
	(56, 'xodnwong74', '김영웅', '은디와 함께하는 니뽄 뿌수기', '우리 은디랑 니뽄 뿌셨어용 >_=\r\n갸쥬아\r\n라멘 갸쥬아					', 'Japan', 35, 5, '2019-12-03 19:54:10'),
	(57, 'xodnwong74', '김영웅', '은디와 함께하는 니뽄 뿌수기', '우리 은디랑 니뽄 뿌셨어용 >_=\r\n갸쥬아\r\n라멘 갸쥬아					', 'Japan', 35, 5, '2019-12-03 19:54:10'),
	(58, 'xodnwong74', '김영웅', '은디와 함께하는 니뽄 뿌수기', '우리 은디랑 니뽄 뿌셨어용 >_=\r\n갸쥬아\r\n라멘 갸쥬아					', 'Japan', 35, 5, '2019-12-03 19:54:10'),
	(59, 'xodnwong74', '김영웅', '은디와 함께하는 니뽄 뿌수기', '우리 은디랑 니뽄 뿌셨어용 >_=\r\n갸쥬아\r\n라멘 갸쥬아					', 'Japan', 35, 5, '2019-12-03 19:54:10'),
	(60, 'xodnwong74', '김영웅', '은디와 함께하는 니뽄 뿌수기', '우리 은디랑 니뽄 뿌셨어용 >_=\r\n갸쥬아\r\n라멘 갸쥬아					', 'Japan', 35, 5, '2019-12-03 19:54:10'),
	(61, 'xodnwong74', '김영웅', '은디와 함께하는 니뽄 뿌수기', '우리 은디랑 니뽄 뿌셨어용 >_=\r\n갸쥬아\r\n라멘 갸쥬아					', 'Japan', 35, 5, '2019-12-03 19:54:10'),
	(62, 'xodnwong74', '김영웅', '은디와 함께하는 니뽄 뿌수기', '우리 은디랑 니뽄 뿌셨어용 >_=\r\n갸쥬아\r\n라멘 갸쥬아					', 'Japan', 35, 5, '2019-12-03 19:54:10'),
	(63, 'xodnwong74', '김영웅', '은디와 함께하는 니뽄 뿌수기', '우리 은디랑 니뽄 뿌셨어용 >_=\r\n갸쥬아\r\n라멘 갸쥬아					', 'Japan', 35, 5, '2019-12-03 19:54:10'),
	(64, 'xodnwong74', '김영웅', '은디와 함께하는 니뽄 뿌수기', '우리 은디랑 니뽄 뿌셨어용 >_=\r\n갸쥬아\r\n라멘 갸쥬아					', 'Japan', 35, 5, '2019-12-03 19:54:10'),
	(65, 'xodnwong74', '김영웅', '은디와 함께하는 니뽄 뿌수기', '우리 은디랑 니뽄 뿌셨어용 >_=\r\n갸쥬아\r\n라멘 갸쥬아					', 'Japan', 35, 5, '2019-12-03 19:54:10'),
	(66, 'xodnwong74', '김영웅', '은디와 함께하는 니뽄 뿌수기', '우리 은디랑 니뽄 뿌셨어용 >_=\r\n갸쥬아\r\n라멘 갸쥬아					', 'Japan', 35, 5, '2019-12-03 19:54:10'),
	(67, 'xodnwong74', '김영웅', '은디와 함께하는 니뽄 뿌수기', '우리 은디랑 니뽄 뿌셨어용 >_=\r\n갸쥬아\r\n라멘 갸쥬아					', 'Japan', 35, 5, '2019-12-03 19:54:10'),
	(68, 'xodnwong74', '김영웅', '은디와 함께하는 니뽄 뿌수기', '우리 은디랑 니뽄 뿌셨어용 >_=\r\n갸쥬아\r\n라멘 갸쥬아					', 'Japan', 35, 5, '2019-12-03 19:54:10'),
	(69, 'xodnwong74', '김영웅', '은디와 함께하는 니뽄 뿌수기', '우리 은디랑 니뽄 뿌셨어용 >_=\r\n갸쥬아\r\n라멘 갸쥬아					', 'Japan', 35, 5, '2019-12-03 19:54:10'),
	(70, 'xodnwong74', '김영웅', '은디와 함께하는 니뽄 뿌수기', '우리 은디랑 니뽄 뿌셨어용 >_=\r\n갸쥬아\r\n라멘 갸쥬아					', 'Japan', 36, 5, '2019-12-03 19:54:10'),
	(71, 'xodnwong74', '김영웅', '은디와 함께하는 니뽄 뿌수기', '우리 은디랑 니뽄 뿌셨어용 >_=\r\n갸쥬아\r\n라멘 갸쥬아					', 'Japan', 35, 5, '2019-12-03 19:54:10'),
	(72, 'xodnwong74', '김영웅', '은디와 함께하는 니뽄 뿌수기', '우리 은디랑 니뽄 뿌셨어용 >_=\r\n갸쥬아\r\n라멘 갸쥬아					', 'Japan', 35, 5, '2019-12-03 19:54:10'),
	(73, 'xodnwong74', '김영웅', '은디와 함께하는 니뽄 뿌수기', '우리 은디랑 니뽄 뿌셨어용 >_=\r\n갸쥬아\r\n라멘 갸쥬아					', 'Japan', 35, 5, '2019-12-03 19:54:10'),
	(74, 'xodnwong74', '김영웅', '은디와 함께하는 니뽄 뿌수기', '우리 은디랑 니뽄 뿌셨어용 >_=\r\n갸쥬아\r\n라멘 갸쥬아					', 'Japan', 35, 5, '2019-12-03 19:54:10'),
	(75, 'xodnwong74', '김영웅', '은디와 함께하는 니뽄 뿌수기', '우리 은디랑 니뽄 뿌셨어용 >_=\r\n갸쥬아\r\n라멘 갸쥬아					', 'Japan', 35, 5, '2019-12-03 19:54:10'),
	(76, 'xodnwong74', '김영웅', '은디와 함께하는 니뽄 뿌수기', '우리 은디랑 니뽄 뿌셨어용 >_=\r\n갸쥬아\r\n라멘 갸쥬아					', 'Japan', 35, 5, '2019-12-03 19:54:10'),
	(77, 'xodnwong74', '김영웅', '은디와 함께하는 니뽄 뿌수기', '우리 은디랑 니뽄 뿌셨어용 >_=\r\n갸쥬아\r\n라멘 갸쥬아					', 'Japan', 35, 5, '2019-12-03 19:54:10'),
	(78, 'xodnwong74', '김영웅', '은디와 함께하는 니뽄 뿌수기', '우리 은디랑 니뽄 뿌셨어용 >_=\r\n갸쥬아\r\n라멘 갸쥬아					', 'Japan', 35, 5, '2019-12-03 19:54:10'),
	(79, 'xodnwong74', '김영웅', '은디와 함께하는 니뽄 뿌수기', '우리 은디랑 니뽄 뿌셨어용 >_=\r\n갸쥬아\r\n라멘 갸쥬아					', 'Japan', 35, 5, '2019-12-03 19:54:10'),
	(80, 'xodnwong74', '김영웅', '은디와 함께하는 니뽄 뿌수기', '우리 은디랑 니뽄 뿌셨어용 >_=\r\n갸쥬아\r\n라멘 갸쥬아					', 'Japan', 36, 5, '2019-12-03 19:54:10'),
	(81, 'xodnwong74', '김영웅', '은디와 함께하는 니뽄 뿌수기', '우리 은디랑 니뽄 뿌셨어용 >_=\r\n갸쥬아\r\n라멘 갸쥬아					', 'Japan', 35, 5, '2019-12-03 19:54:10'),
	(82, 'xodnwong74', '김영웅', '은디와 함께하는 니뽄 뿌수기', '우리 은디랑 니뽄 뿌셨어용 >_=\r\n갸쥬아\r\n라멘 갸쥬아					', 'Japan', 35, 5, '2019-12-03 19:54:10'),
	(83, 'xodnwong74', '김영웅', '은디와 함께하는 니뽄 뿌수기', '우리 은디랑 니뽄 뿌셨어용 >_=\r\n갸쥬아\r\n라멘 갸쥬아					', 'Japan', 35, 5, '2019-12-03 19:54:10'),
	(84, 'xodnwong74', '김영웅', '은디와 함께하는 니뽄 뿌수기', '우리 은디랑 니뽄 뿌셨어용 >_=\r\n갸쥬아\r\n라멘 갸쥬아					', 'Japan', 35, 5, '2019-12-03 19:54:10'),
	(85, 'xodnwong74', '김영웅', '은디와 함께하는 니뽄 뿌수기', '우리 은디랑 니뽄 뿌셨어용 >_=\r\n갸쥬아\r\n라멘 갸쥬아					', 'Japan', 35, 5, '2019-12-03 19:54:10'),
	(86, 'xodnwong74', '김영웅', '은디와 함께하는 니뽄 뿌수기', '우리 은디랑 니뽄 뿌셨어용 >_=\r\n갸쥬아\r\n라멘 갸쥬아					', 'Japan', 35, 5, '2019-12-03 19:54:10'),
	(87, 'xodnwong74', '김영웅', '은디와 함께하는 니뽄 뿌수기', '우리 은디랑 니뽄 뿌셨어용 >_=\r\n갸쥬아\r\n라멘 갸쥬아					', 'Japan', 35, 5, '2019-12-03 19:54:10'),
	(88, 'xodnwong74', '김영웅', '은디와 함께하는 니뽄 뿌수기', '우리 은디랑 니뽄 뿌셨어용 >_=\r\n갸쥬아\r\n라멘 갸쥬아					', 'Japan', 35, 5, '2019-12-03 19:54:10'),
	(89, 'xodnwong74', '김영웅', '은디와 함께하는 니뽄 뿌수기', '우리 은디랑 니뽄 뿌셨어용 >_=\r\n갸쥬아\r\n라멘 갸쥬아					', 'Japan', 35, 5, '2019-12-03 19:54:10'),
	(90, 'xodnwong74', '김영웅', '은디와 함께하는 니뽄 뿌수기', '우리 은디랑 니뽄 뿌셨어용 >_=\r\n갸쥬아\r\n라멘 갸쥬아					', 'Japan', 35, 5, '2019-12-03 19:54:10'),
	(91, 'xodnwong74', '김영웅', '은디와 함께하는 니뽄 뿌수기', '우리 은디랑 니뽄 뿌셨어용 >_=\r\n갸쥬아\r\n라멘 갸쥬아					', 'Japan', 35, 5, '2019-12-03 19:54:10'),
	(92, 'xodnwong74', '김영웅', '은디와 함께하는 니뽄 뿌수기', '우리 은디랑 니뽄 뿌셨어용 >_=\r\n갸쥬아\r\n라멘 갸쥬아					', 'Japan', 35, 5, '2019-12-03 19:54:10'),
	(93, 'xodnwong74', '김영웅', '은디와 함께하는 니뽄 뿌수기', '우리 은디랑 니뽄 뿌셨어용 >_=\r\n갸쥬아\r\n라멘 갸쥬아					', 'Japan', 35, 5, '2019-12-03 19:54:10'),
	(94, 'xodnwong74', '김영웅', '은디와 함께하는 니뽄 뿌수기', '우리 은디랑 니뽄 뿌셨어용 >_=\r\n갸쥬아\r\n라멘 갸쥬아					', 'Japan', 35, 5, '2019-12-03 19:54:10'),
	(95, 'xodnwong74', '김영웅', '은디와 함께하는 니뽄 뿌수기', '우리 은디랑 니뽄 뿌셨어용 >_=\r\n갸쥬아\r\n라멘 갸쥬아					', 'Japan', 35, 5, '2019-12-03 19:54:10'),
	(96, 'xodnwong74', '김영웅', '은디와 함께하는 니뽄 뿌수기', '우리 은디랑 니뽄 뿌셨어용 >_=\r\n갸쥬아\r\n라멘 갸쥬아					', 'Japan', 35, 5, '2019-12-03 19:54:10'),
	(97, 'xodnwong74', '김영웅', '은디와 함께하는 니뽄 뿌수기', '우리 은디랑 니뽄 뿌셨어용 >_=\r\n갸쥬아\r\n라멘 갸쥬아					', 'Japan', 35, 5, '2019-12-03 19:54:10'),
	(98, 'xodnwong74', '김영웅', '은디와 함께하는 니뽄 뿌수기', '우리 은디랑 니뽄 뿌셨어용 >_=\r\n갸쥬아\r\n라멘 갸쥬아					', 'Japan', 35, 5, '2019-12-03 19:54:10'),
	(99, 'xodnwong74', '김영웅', '은디와 함께하는 니뽄 뿌수기', '우리 은디랑 니뽄 뿌셨어용 >_=\r\n갸쥬아\r\n라멘 갸쥬아					', 'Japan', 35, 5, '2019-12-03 19:54:10'),
	(100, 'xodnwong74', '김영웅', '은디와 함께하는 니뽄 뿌수기', '우리 은디랑 니뽄 뿌셨어용 >_=\r\n갸쥬아\r\n라멘 갸쥬아					', 'Japan', 35, 5, '2019-12-03 19:54:10'),
	(101, 'xodnwong74', '김영웅', '은디와 함께하는 니뽄 뿌수기', '우리 은디랑 니뽄 뿌셨어용 >_=\r\n갸쥬아\r\n라멘 갸쥬아					', 'Japan', 35, 5, '2019-12-03 19:54:10'),
	(102, 'xodnwong74', '김영웅', '은디와 함께하는 니뽄 뿌수기', '우리 은디랑 니뽄 뿌셨어용 >_=\r\n갸쥬아\r\n라멘 갸쥬아					', 'Japan', 35, 5, '2019-12-03 19:54:10'),
	(103, 'xodnwong74', '김영웅', '은디와 함께하는 니뽄 뿌수기', '우리 은디랑 니뽄 뿌셨어용 >_=\r\n갸쥬아\r\n라멘 갸쥬아					', 'Japan', 35, 5, '2019-12-03 19:54:10'),
	(104, 'xodnwong74', '김영웅', '은디와 함께하는 니뽄 뿌수기', '우리 은디랑 니뽄 뿌셨어용 >_=\r\n갸쥬아\r\n라멘 갸쥬아					', 'Japan', 35, 5, '2019-12-03 19:54:10'),
	(105, 'xodnwong74', '김영웅', '은디와 함께하는 니뽄 뿌수기', '우리 은디랑 니뽄 뿌셨어용 >_=\r\n갸쥬아\r\n라멘 갸쥬아					', 'Japan', 35, 5, '2019-12-03 19:54:10'),
	(106, 'xodnwong74', '김영웅', '은디와 함께하는 니뽄 뿌수기', '우리 은디랑 니뽄 뿌셨어용 >_=\r\n갸쥬아\r\n라멘 갸쥬아					', 'Japan', 35, 5, '2019-12-03 19:54:10'),
	(107, 'xodnwong74', '김영웅', '은디와 함께하는 니뽄 뿌수기', '우리 은디랑 니뽄 뿌셨어용 >_=\r\n갸쥬아\r\n라멘 갸쥬아					', 'Japan', 36, 5, '2019-12-03 19:54:10'),
	(108, 'xodnwong74', '김영웅', '은디와 함께하는 니뽄 뿌수기', '우리 은디랑 니뽄 뿌셨어용 >_=\r\n갸쥬아\r\n라멘 갸쥬아					', 'Japan', 35, 5, '2019-12-03 19:54:10'),
	(109, 'xodnwong74', '김영웅', '은디와 함께하는 니뽄 뿌수기', '우리 은디랑 니뽄 뿌셨어용 >_=\r\n갸쥬아\r\n라멘 갸쥬아					', 'Japan', 35, 5, '2019-12-03 19:54:10'),
	(110, 'xodnwong74', '김영웅', '은디와 함께하는 니뽄 뿌수기', '우리 은디랑 니뽄 뿌셨어용 >_=\r\n갸쥬아\r\n라멘 갸쥬아					', 'Japan', 35, 5, '2019-12-03 19:54:10'),
	(111, 'xodnwong74', '김영웅', '은디와 함께하는 니뽄 뿌수기', '우리 은디랑 니뽄 뿌셨어용 >_=\r\n갸쥬아\r\n라멘 갸쥬아					', 'Japan', 35, 5, '2019-12-03 19:54:10'),
	(112, 'xodnwong74', '김영웅', '은디와 함께하는 니뽄 뿌수기', '우리 은디랑 니뽄 뿌셨어용 >_=\r\n갸쥬아\r\n라멘 갸쥬아					', 'Japan', 35, 5, '2019-12-03 19:54:10'),
	(113, 'xodnwong74', '김영웅', '은디와 함께하는 니뽄 뿌수기', '우리 은디랑 니뽄 뿌셨어용 >_=\r\n갸쥬아\r\n라멘 갸쥬아					', 'Japan', 35, 5, '2019-12-03 19:54:10'),
	(114, 'xodnwong74', '김영웅', '은디와 함께하는 니뽄 뿌수기', '우리 은디랑 니뽄 뿌셨어용 >_=\r\n갸쥬아\r\n라멘 갸쥬아					', 'Japan', 35, 5, '2019-12-03 19:54:10'),
	(115, 'xodnwong74', '김영웅', '은디와 함께하는 니뽄 뿌수기', '우리 은디랑 니뽄 뿌셨어용 >_=\r\n갸쥬아\r\n라멘 갸쥬아					', 'Japan', 35, 5, '2019-12-03 19:54:10'),
	(116, 'xodnwong74', '김영웅', '은디와 함께하는 니뽄 뿌수기', '우리 은디랑 니뽄 뿌셨어용 >_=\r\n갸쥬아\r\n라멘 갸쥬아					', 'Japan', 35, 5, '2019-12-03 19:54:10'),
	(117, 'xodnwong74', '김영웅', '은디와 함께하는 니뽄 뿌수기', '우리 은디랑 니뽄 뿌셨어용 >_=\r\n갸쥬아\r\n라멘 갸쥬아					', 'Japan', 35, 5, '2019-12-03 19:54:10'),
	(118, 'xodnwong74', '김영웅', '은디와 함께하는 니뽄 뿌수기', '우리 은디랑 니뽄 뿌셨어용 >_=\r\n갸쥬아\r\n라멘 갸쥬아					', 'Japan', 35, 5, '2019-12-03 19:54:10'),
	(119, 'xodnwong74', '김영웅', '은디와 함께하는 니뽄 뿌수기', '우리 은디랑 니뽄 뿌셨어용 >_=\r\n갸쥬아\r\n라멘 갸쥬아					', 'Japan', 35, 5, '2019-12-03 19:54:10'),
	(120, 'xodnwong74', '김영웅', '은디와 함께하는 니뽄 뿌수기', '우리 은디랑 니뽄 뿌셨어용 >_=\r\n갸쥬아\r\n라멘 갸쥬아					', 'Japan', 35, 5, '2019-12-03 19:54:10'),
	(121, 'xodnwong74', '김영웅', '은디와 함께하는 니뽄 뿌수기', '우리 은디랑 니뽄 뿌셨어용 >_=\r\n갸쥬아\r\n라멘 갸쥬아					', 'Japan', 35, 5, '2019-12-03 19:54:10'),
	(122, 'xodnwong74', '김영웅', '은디와 함께하는 니뽄 뿌수기', '우리 은디랑 니뽄 뿌셨어용 >_=\r\n갸쥬아\r\n라멘 갸쥬아					', 'Japan', 35, 5, '2019-12-03 19:54:10'),
	(123, 'xodnwong74', '김영웅', '은디와 함께하는 니뽄 뿌수기', '우리 은디랑 니뽄 뿌셨어용 >_=\r\n갸쥬아\r\n라멘 갸쥬아					', 'Japan', 35, 5, '2019-12-03 19:54:10'),
	(124, 'xodnwong74', '김영웅', '은디와 함께하는 니뽄 뿌수기', '우리 은디랑 니뽄 뿌셨어용 >_=\r\n갸쥬아\r\n라멘 갸쥬아					', 'Japan', 35, 5, '2019-12-03 19:54:10'),
	(125, 'xodnwong74', '김영웅', '은디와 함께하는 니뽄 뿌수기', '우리 은디랑 니뽄 뿌셨어용 >_=\r\n갸쥬아\r\n라멘 갸쥬아					', 'Japan', 35, 5, '2019-12-03 19:54:10'),
	(126, 'xodnwong74', '김영웅', '은디와 함께하는 니뽄 뿌수기', '우리 은디랑 니뽄 뿌셨어용 >_=\r\n갸쥬아\r\n라멘 갸쥬아					', 'Japan', 35, 5, '2019-12-03 19:54:10'),
	(127, 'xodnwong74', '김영웅', '은디와 함께하는 니뽄 뿌수기', '우리 은디랑 니뽄 뿌셨어용 >_=\r\n갸쥬아\r\n라멘 갸쥬아					', 'Japan', 35, 5, '2019-12-03 19:54:10'),
	(128, 'xodnwong74', '김영웅', '은디와 함께하는 니뽄 뿌수기', '우리 은디랑 니뽄 뿌셨어용 >_=\r\n갸쥬아\r\n라멘 갸쥬아					', 'Japan', 35, 5, '2019-12-03 19:54:10'),
	(129, 'aaa', '최은지', '지용 영웅 중국 길거리 음식 뿌수기', '길거리 바퀴벌레 존맛탱\r<br>취두부 취향탐\r<br>메뚜기 겁나큼 ', 'China', 0, 5, '2019-12-04 00:11:08'),
	(130, 'aaa', '최은지', '희수 영웅 오스트리아 길거리 음식 뿌수기', '오스트리아 길거리 풍경 지림\r<br>음식 개쥬음\r<br>지옹띠 몰래 희수랑 1일♡', 'Austria', 0, 4, '2019-12-04 00:12:55'),
	(131, 'aaa', '최은지', '지용 영웅 중국 길거리 음식 뿌수기', '길거리 바퀴벌레 존맛탱\r<br>취두부 취향탐\r<br>메뚜기 겁나큼 ', 'China', 0, 5, '2019-12-04 00:11:08'),
	(132, 'aaa', '최은지', '희수 영웅 오스트리아 길거리 음식 뿌수기', '오스트리아 길거리 풍경 지림\r<br>음식 개쥬음\r<br>지옹띠 몰래 희수랑 1일♡', 'Austria', 0, 4, '2019-12-04 00:12:55'),
	(133, 'aaa', '최은지', '지용 영웅 중국 길거리 음식 뿌수기', '길거리 바퀴벌레 존맛탱\r<br>취두부 취향탐\r<br>메뚜기 겁나큼 ', 'China', 0, 5, '2019-12-04 00:11:08'),
	(134, 'aaa', '최은지', '희수 영웅 오스트리아 길거리 음식 뿌수기', '오스트리아 길거리 풍경 지림\r<br>음식 개쥬음\r<br>지옹띠 몰래 희수랑 1일♡', 'Austria', 0, 4, '2019-12-04 00:12:55'),
	(135, 'aaa', '최은지', '지용 영웅 중국 길거리 음식 뿌수기', '길거리 바퀴벌레 존맛탱\r<br>취두부 취향탐\r<br>메뚜기 겁나큼 ', 'China', 0, 5, '2019-12-04 00:11:08'),
	(136, 'aaa', '최은지', '희수 영웅 오스트리아 길거리 음식 뿌수기', '오스트리아 길거리 풍경 지림\r<br>음식 개쥬음\r<br>지옹띠 몰래 희수랑 1일♡', 'Austria', 0, 4, '2019-12-04 00:12:55'),
	(137, 'aaa', '최은지', '지용 영웅 중국 길거리 음식 뿌수기', '길거리 바퀴벌레 존맛탱\r<br>취두부 취향탐\r<br>메뚜기 겁나큼 ', 'China', 0, 5, '2019-12-04 00:11:08'),
	(138, 'aaa', '최은지', '희수 영웅 오스트리아 길거리 음식 뿌수기', '오스트리아 길거리 풍경 지림\r<br>음식 개쥬음\r<br>지옹띠 몰래 희수랑 1일♡', 'Austria', 0, 4, '2019-12-04 00:12:55'),
	(139, 'aaa', '최은지', '지용 영웅 중국 길거리 음식 뿌수기', '길거리 바퀴벌레 존맛탱\r<br>취두부 취향탐\r<br>메뚜기 겁나큼 ', 'China', 0, 5, '2019-12-04 00:11:08'),
	(140, 'aaa', '최은지', '희수 영웅 오스트리아 길거리 음식 뿌수기', '오스트리아 길거리 풍경 지림\r<br>음식 개쥬음\r<br>지옹띠 몰래 희수랑 1일♡', 'Austria', 0, 4, '2019-12-04 00:12:55'),
	(141, 'aaa', '최은지', '지용 영웅 중국 길거리 음식 뿌수기', '길거리 바퀴벌레 존맛탱\r<br>취두부 취향탐\r<br>메뚜기 겁나큼 ', 'China', 0, 5, '2019-12-04 00:11:08'),
	(142, 'aaa', '최은지', '희수 영웅 오스트리아 길거리 음식 뿌수기', '오스트리아 길거리 풍경 지림\r<br>음식 개쥬음\r<br>지옹띠 몰래 희수랑 1일♡', 'Austria', 0, 4, '2019-12-04 00:12:55'),
	(143, 'aaa', '최은지', '지용 영웅 중국 길거리 음식 뿌수기', '길거리 바퀴벌레 존맛탱\r<br>취두부 취향탐\r<br>메뚜기 겁나큼 ', 'China', 0, 5, '2019-12-04 00:11:08'),
	(144, 'aaa', '최은지', '희수 영웅 오스트리아 길거리 음식 뿌수기', '오스트리아 길거리 풍경 지림\r<br>음식 개쥬음\r<br>지옹띠 몰래 희수랑 1일♡', 'Austria', 0, 4, '2019-12-04 00:12:55'),
	(145, 'aaa', '최은지', '지용 영웅 중국 길거리 음식 뿌수기', '길거리 바퀴벌레 존맛탱\r<br>취두부 취향탐\r<br>메뚜기 겁나큼 ', 'China', 0, 5, '2019-12-04 00:11:08'),
	(146, 'aaa', '최은지', '희수 영웅 오스트리아 길거리 음식 뿌수기', '오스트리아 길거리 풍경 지림\r<br>음식 개쥬음\r<br>지옹띠 몰래 희수랑 1일♡', 'Austria', 0, 4, '2019-12-04 00:12:55'),
	(147, 'aaa', '최은지', '지용 영웅 중국 길거리 음식 뿌수기', '길거리 바퀴벌레 존맛탱\r<br>취두부 취향탐\r<br>메뚜기 겁나큼 ', 'China', 0, 5, '2019-12-04 00:11:08'),
	(148, 'aaa', '최은지', '희수 영웅 오스트리아 길거리 음식 뿌수기', '오스트리아 길거리 풍경 지림\r<br>음식 개쥬음\r<br>지옹띠 몰래 희수랑 1일♡', 'Austria', 0, 4, '2019-12-04 00:12:55'),
	(149, 'aaa', '최은지', '지용 영웅 중국 길거리 음식 뿌수기', '길거리 바퀴벌레 존맛탱\r<br>취두부 취향탐\r<br>메뚜기 겁나큼 ', 'China', 0, 5, '2019-12-04 00:11:08'),
	(150, 'aaa', '최은지', '희수 영웅 오스트리아 길거리 음식 뿌수기', '오스트리아 길거리 풍경 지림\r<br>음식 개쥬음\r<br>지옹띠 몰래 희수랑 1일♡', 'Austria', 0, 4, '2019-12-04 00:12:55'),
	(151, 'aaa', '최은지', '지용 영웅 중국 길거리 음식 뿌수기', '길거리 바퀴벌레 존맛탱\r<br>취두부 취향탐\r<br>메뚜기 겁나큼 ', 'China', 0, 5, '2019-12-04 00:11:08'),
	(152, 'aaa', '최은지', '희수 영웅 오스트리아 길거리 음식 뿌수기', '오스트리아 길거리 풍경 지림\r<br>음식 개쥬음\r<br>지옹띠 몰래 희수랑 1일♡', 'Austria', 0, 4, '2019-12-04 00:12:55'),
	(153, 'aaa', '최은지', '지용 영웅 중국 길거리 음식 뿌수기', '길거리 바퀴벌레 존맛탱\r<br>취두부 취향탐\r<br>메뚜기 겁나큼 ', 'China', 0, 5, '2019-12-04 00:11:08'),
	(154, 'aaa', '최은지', '희수 영웅 오스트리아 길거리 음식 뿌수기', '오스트리아 길거리 풍경 지림\r<br>음식 개쥬음\r<br>지옹띠 몰래 희수랑 1일♡', 'Austria', 0, 4, '2019-12-04 00:12:55'),
	(155, 'aaa', '최은지', '지용 영웅 중국 길거리 음식 뿌수기', '길거리 바퀴벌레 존맛탱\r<br>취두부 취향탐\r<br>메뚜기 겁나큼 ', 'China', 0, 5, '2019-12-04 00:11:08'),
	(156, 'aaa', '최은지', '희수 영웅 오스트리아 길거리 음식 뿌수기', '오스트리아 길거리 풍경 지림\r<br>음식 개쥬음\r<br>지옹띠 몰래 희수랑 1일♡', 'Austria', 0, 4, '2019-12-04 00:12:55'),
	(157, 'aaa', '최은지', '지용 영웅 중국 길거리 음식 뿌수기', '길거리 바퀴벌레 존맛탱\r<br>취두부 취향탐\r<br>메뚜기 겁나큼 ', 'China', 0, 5, '2019-12-04 00:11:08'),
	(158, 'aaa', '최은지', '희수 영웅 오스트리아 길거리 음식 뿌수기', '오스트리아 길거리 풍경 지림\r<br>음식 개쥬음\r<br>지옹띠 몰래 희수랑 1일♡', 'Austria', 0, 4, '2019-12-04 00:12:55'),
	(159, 'aaa', '최은지', '지용 영웅 중국 길거리 음식 뿌수기', '길거리 바퀴벌레 존맛탱\r<br>취두부 취향탐\r<br>메뚜기 겁나큼 ', 'China', 0, 5, '2019-12-04 00:11:08'),
	(160, 'aaa', '최은지', '희수 영웅 오스트리아 길거리 음식 뿌수기', '오스트리아 길거리 풍경 지림\r<br>음식 개쥬음\r<br>지옹띠 몰래 희수랑 1일♡', 'Austria', 0, 4, '2019-12-04 00:12:55'),
	(161, 'aaa', '최은지', '지용 영웅 중국 길거리 음식 뿌수기', '길거리 바퀴벌레 존맛탱\r<br>취두부 취향탐\r<br>메뚜기 겁나큼 ', 'China', 0, 5, '2019-12-04 00:11:08'),
	(162, 'aaa', '최은지', '희수 영웅 오스트리아 길거리 음식 뿌수기', '오스트리아 길거리 풍경 지림\r<br>음식 개쥬음\r<br>지옹띠 몰래 희수랑 1일♡', 'Austria', 0, 4, '2019-12-04 00:12:55'),
	(163, 'aaa', '최은지', '지용 영웅 중국 길거리 음식 뿌수기', '길거리 바퀴벌레 존맛탱\r<br>취두부 취향탐\r<br>메뚜기 겁나큼 ', 'China', 1, 5, '2019-12-04 00:11:08'),
	(164, 'aaa', '최은지', '희수 영웅 오스트리아 길거리 음식 뿌수기', '오스트리아 길거리 풍경 지림\r<br>음식 개쥬음\r<br>지옹띠 몰래 희수랑 1일♡', 'Austria', 0, 4, '2019-12-04 00:12:55'),
	(165, 'aaa', '최은지', '지용 영웅 중국 길거리 음식 뿌수기', '길거리 바퀴벌레 존맛탱\r<br>취두부 취향탐\r<br>메뚜기 겁나큼 ', 'China', 0, 5, '2019-12-04 00:11:08'),
	(166, 'aaa', '최은지', '희수 영웅 오스트리아 길거리 음식 뿌수기', '오스트리아 길거리 풍경 지림\r<br>음식 개쥬음\r<br>지옹띠 몰래 희수랑 1일♡', 'Austria', 0, 4, '2019-12-04 00:12:55'),
	(167, 'aaa', '최은지', '지용 영웅 중국 길거리 음식 뿌수기', '길거리 바퀴벌레 존맛탱\r<br>취두부 취향탐\r<br>메뚜기 겁나큼 ', 'China', 0, 5, '2019-12-04 00:11:08'),
	(168, 'aaa', '최은지', '희수 영웅 오스트리아 길거리 음식 뿌수기', '오스트리아 길거리 풍경 지림\r<br>음식 개쥬음\r<br>지옹띠 몰래 희수랑 1일♡', 'Austria', 0, 4, '2019-12-04 00:12:55'),
	(169, 'aaa', '최은지', '지용 영웅 중국 길거리 음식 뿌수기', '길거리 바퀴벌레 존맛탱\r<br>취두부 취향탐\r<br>메뚜기 겁나큼 ', 'China', 0, 5, '2019-12-04 00:11:08'),
	(170, 'aaa', '최은지', '희수 영웅 오스트리아 길거리 음식 뿌수기', '오스트리아 길거리 풍경 지림\r<br>음식 개쥬음\r<br>지옹띠 몰래 희수랑 1일♡', 'Austria', 0, 4, '2019-12-04 00:12:55'),
	(171, 'aaa', '최은지', '지용 영웅 중국 길거리 음식 뿌수기', '길거리 바퀴벌레 존맛탱\r<br>취두부 취향탐\r<br>메뚜기 겁나큼 ', 'China', 0, 5, '2019-12-04 00:11:08'),
	(172, 'aaa', '최은지', '희수 영웅 오스트리아 길거리 음식 뿌수기', '오스트리아 길거리 풍경 지림\r<br>음식 개쥬음\r<br>지옹띠 몰래 희수랑 1일♡', 'Austria', 0, 4, '2019-12-04 00:12:55'),
	(173, 'aaa', '최은지', '지용 영웅 중국 길거리 음식 뿌수기', '길거리 바퀴벌레 존맛탱\r<br>취두부 취향탐\r<br>메뚜기 겁나큼 ', 'China', 0, 5, '2019-12-04 00:11:08'),
	(174, 'aaa', '최은지', '희수 영웅 오스트리아 길거리 음식 뿌수기', '오스트리아 길거리 풍경 지림\r<br>음식 개쥬음\r<br>지옹띠 몰래 희수랑 1일♡', 'Austria', 0, 4, '2019-12-04 00:12:55'),
	(175, 'aaa', '최은지', '지용 영웅 중국 길거리 음식 뿌수기', '길거리 바퀴벌레 존맛탱\r<br>취두부 취향탐\r<br>메뚜기 겁나큼 ', 'China', 0, 5, '2019-12-04 00:11:08'),
	(176, 'aaa', '최은지', '희수 영웅 오스트리아 길거리 음식 뿌수기', '오스트리아 길거리 풍경 지림\r<br>음식 개쥬음\r<br>지옹띠 몰래 희수랑 1일♡', 'Austria', 0, 4, '2019-12-04 00:12:55'),
	(177, 'aaa', '최은지', '지용 영웅 중국 길거리 음식 뿌수기', '길거리 바퀴벌레 존맛탱\r<br>취두부 취향탐\r<br>메뚜기 겁나큼 ', 'China', 0, 5, '2019-12-04 00:11:08'),
	(178, 'aaa', '최은지', '희수 영웅 오스트리아 길거리 음식 뿌수기', '오스트리아 길거리 풍경 지림\r<br>음식 개쥬음\r<br>지옹띠 몰래 희수랑 1일♡', 'Austria', 0, 4, '2019-12-04 00:12:55'),
	(179, 'aaa', '최은지', '지용 영웅 중국 길거리 음식 뿌수기', '길거리 바퀴벌레 존맛탱\r<br>취두부 취향탐\r<br>메뚜기 겁나큼 ', 'China', 0, 5, '2019-12-04 00:11:08'),
	(180, 'aaa', '최은지', '희수 영웅 오스트리아 길거리 음식 뿌수기', '오스트리아 길거리 풍경 지림\r<br>음식 개쥬음\r<br>지옹띠 몰래 희수랑 1일♡', 'Austria', 0, 4, '2019-12-04 00:12:55'),
	(181, 'aaa', '최은지', '지용 영웅 중국 길거리 음식 뿌수기', '길거리 바퀴벌레 존맛탱\r<br>취두부 취향탐\r<br>메뚜기 겁나큼 ', 'China', 0, 5, '2019-12-04 00:11:08'),
	(182, 'aaa', '최은지', '희수 영웅 오스트리아 길거리 음식 뿌수기', '오스트리아 길거리 풍경 지림\r<br>음식 개쥬음\r<br>지옹띠 몰래 희수랑 1일♡', 'Austria', 0, 4, '2019-12-04 00:12:55'),
	(183, 'aaa', '최은지', '지용 영웅 중국 길거리 음식 뿌수기', '길거리 바퀴벌레 존맛탱\r<br>취두부 취향탐\r<br>메뚜기 겁나큼 ', 'China', 0, 5, '2019-12-04 00:11:08'),
	(184, 'aaa', '최은지', '희수 영웅 오스트리아 길거리 음식 뿌수기', '오스트리아 길거리 풍경 지림\r<br>음식 개쥬음\r<br>지옹띠 몰래 희수랑 1일♡', 'Austria', 0, 4, '2019-12-04 00:12:55'),
	(185, 'aaa', '최은지', '지용 영웅 중국 길거리 음식 뿌수기', '길거리 바퀴벌레 존맛탱\r<br>취두부 취향탐\r<br>메뚜기 겁나큼 ', 'China', 0, 5, '2019-12-04 00:11:08'),
	(186, 'aaa', '최은지', '희수 영웅 오스트리아 길거리 음식 뿌수기', '오스트리아 길거리 풍경 지림\r<br>음식 개쥬음\r<br>지옹띠 몰래 희수랑 1일♡', 'Austria', 0, 4, '2019-12-04 00:12:55'),
	(187, 'aaa', '최은지', '지용 영웅 중국 길거리 음식 뿌수기', '길거리 바퀴벌레 존맛탱\r<br>취두부 취향탐\r<br>메뚜기 겁나큼 ', 'China', 0, 5, '2019-12-04 00:11:08'),
	(188, 'aaa', '최은지', '희수 영웅 오스트리아 길거리 음식 뿌수기', '오스트리아 길거리 풍경 지림\r<br>음식 개쥬음\r<br>지옹띠 몰래 희수랑 1일♡', 'Austria', 1, 4, '2019-12-04 00:12:55'),
	(189, 'aaa', '최은지', '지용 영웅 중국 길거리 음식 뿌수기', '길거리 바퀴벌레 존맛탱\r<br>취두부 취향탐\r<br>메뚜기 겁나큼 ', 'China', 0, 5, '2019-12-04 00:11:08'),
	(190, 'aaa', '최은지', '희수 영웅 오스트리아 길거리 음식 뿌수기', '오스트리아 길거리 풍경 지림\r<br>음식 개쥬음\r<br>지옹띠 몰래 희수랑 1일♡', 'Austria', 0, 4, '2019-12-04 00:12:55'),
	(191, 'aaa', '최은지', '지용 영웅 중국 길거리 음식 뿌수기', '길거리 바퀴벌레 존맛탱\r<br>취두부 취향탐\r<br>메뚜기 겁나큼 ', 'China', 0, 5, '2019-12-04 00:11:08'),
	(192, 'aaa', '최은지', '희수 영웅 오스트리아 길거리 음식 뿌수기', '오스트리아 길거리 풍경 지림\r<br>음식 개쥬음\r<br>지옹띠 몰래 희수랑 1일♡', 'Austria', 0, 4, '2019-12-04 00:12:55'),
	(193, 'aaa', '최은지', '지용 영웅 중국 길거리 음식 뿌수기', '길거리 바퀴벌레 존맛탱\r<br>취두부 취향탐\r<br>메뚜기 겁나큼 ', 'China', 1, 5, '2019-12-04 00:11:08'),
	(194, 'aaa', '최은지', '희수 영웅 오스트리아 길거리 음식 뿌수기', '오스트리아 길거리 풍경 지림\r<br>음식 개쥬음\r<br>지옹띠 몰래 희수랑 1일♡', 'Austria', 0, 4, '2019-12-04 00:12:55'),
	(195, 'aaa', '최은지', '지용 영웅 중국 길거리 음식 뿌수기', '길거리 바퀴벌레 존맛탱\r<br>취두부 취향탐\r<br>메뚜기 겁나큼 ', 'China', 0, 5, '2019-12-04 00:11:08'),
	(196, 'aaa', '최은지', '희수 영웅 오스트리아 길거리 음식 뿌수기', '오스트리아 길거리 풍경 지림\r<br>음식 개쥬음\r<br>지옹띠 몰래 희수랑 1일♡', 'Austria', 0, 4, '2019-12-04 00:12:55'),
	(197, 'aaa', '최은지', '지용 영웅 중국 길거리 음식 뿌수기', '길거리 바퀴벌레 존맛탱\r<br>취두부 취향탐\r<br>메뚜기 겁나큼 ', 'China', 0, 5, '2019-12-04 00:11:08'),
	(198, 'aaa', '최은지', '희수 영웅 오스트리아 길거리 음식 뿌수기', '오스트리아 길거리 풍경 지림\r<br>음식 개쥬음\r<br>지옹띠 몰래 희수랑 1일♡', 'Austria', 0, 4, '2019-12-04 00:12:55'),
	(199, 'aaa', '최은지', '지용 영웅 중국 길거리 음식 뿌수기', '길거리 바퀴벌레 존맛탱\r<br>취두부 취향탐\r<br>메뚜기 겁나큼 ', 'China', 1, 5, '2019-12-04 00:11:08'),
	(200, 'aaa', '최은지', '희수 영웅 오스트리아 길거리 음식 뿌수기', '오스트리아 길거리 풍경 지림\r<br>음식 개쥬음\r<br>지옹띠 몰래 희수랑 1일♡', 'Austria', 0, 4, '2019-12-04 00:12:55'),
	(201, 'aaa', '최은지', '지용 영웅 중국 길거리 음식 뿌수기', '길거리 바퀴벌레 존맛탱\r<br>취두부 취향탐\r<br>메뚜기 겁나큼 ', 'China', 0, 5, '2019-12-04 00:11:08'),
	(202, 'aaa', '최은지', '희수 영웅 오스트리아 길거리 음식 뿌수기', '오스트리아 길거리 풍경 지림\r<br>음식 개쥬음\r<br>지옹띠 몰래 희수랑 1일♡', 'Austria', 0, 4, '2019-12-04 00:12:55'),
	(203, 'aaa', '최은지', '지용 영웅 중국 길거리 음식 뿌수기', '길거리 바퀴벌레 존맛탱\r<br>취두부 취향탐\r<br>메뚜기 겁나큼 ', 'China', 0, 5, '2019-12-04 00:11:08'),
	(204, 'aaa', '최은지', '희수 영웅 오스트리아 길거리 음식 뿌수기', '오스트리아 길거리 풍경 지림\r<br>음식 개쥬음\r<br>지옹띠 몰래 희수랑 1일♡', 'Austria', 0, 4, '2019-12-04 00:12:55'),
	(205, 'aaa', '최은지', '지용 영웅 중국 길거리 음식 뿌수기', '길거리 바퀴벌레 존맛탱\r<br>취두부 취향탐\r<br>메뚜기 겁나큼 ', 'China', 0, 5, '2019-12-04 00:11:08'),
	(206, 'aaa', '최은지', '희수 영웅 오스트리아 길거리 음식 뿌수기', '오스트리아 길거리 풍경 지림\r<br>음식 개쥬음\r<br>지옹띠 몰래 희수랑 1일♡', 'Austria', 0, 4, '2019-12-04 00:12:55'),
	(207, 'aaa', '최은지', '지용 영웅 중국 길거리 음식 뿌수기', '길거리 바퀴벌레 존맛탱\r<br>취두부 취향탐\r<br>메뚜기 겁나큼 ', 'China', 0, 5, '2019-12-04 00:11:08'),
	(208, 'aaa', '최은지', '희수 영웅 오스트리아 길거리 음식 뿌수기', '오스트리아 길거리 풍경 지림\r<br>음식 개쥬음\r<br>지옹띠 몰래 희수랑 1일♡', 'Austria', 0, 4, '2019-12-04 00:12:55'),
	(209, 'aaa', '최은지', '지용 영웅 중국 길거리 음식 뿌수기', '길거리 바퀴벌레 존맛탱\r<br>취두부 취향탐\r<br>메뚜기 겁나큼 ', 'China', 0, 5, '2019-12-04 00:11:08'),
	(210, 'aaa', '최은지', '희수 영웅 오스트리아 길거리 음식 뿌수기', '오스트리아 길거리 풍경 지림\r<br>음식 개쥬음\r<br>지옹띠 몰래 희수랑 1일♡', 'Austria', 0, 4, '2019-12-04 00:12:55'),
	(211, 'aaa', '최은지', '지용 영웅 중국 길거리 음식 뿌수기', '길거리 바퀴벌레 존맛탱\r<br>취두부 취향탐\r<br>메뚜기 겁나큼 ', 'China', 0, 5, '2019-12-04 00:11:08'),
	(212, 'aaa', '최은지', '희수 영웅 오스트리아 길거리 음식 뿌수기', '오스트리아 길거리 풍경 지림\r<br>음식 개쥬음\r<br>지옹띠 몰래 희수랑 1일♡', 'Austria', 0, 4, '2019-12-04 00:12:55'),
	(213, 'aaa', '최은지', '지용 영웅 중국 길거리 음식 뿌수기', '길거리 바퀴벌레 존맛탱\r<br>취두부 취향탐\r<br>메뚜기 겁나큼 ', 'China', 0, 5, '2019-12-04 00:11:08'),
	(214, 'aaa', '최은지', '희수 영웅 오스트리아 길거리 음식 뿌수기', '오스트리아 길거리 풍경 지림\r<br>음식 개쥬음\r<br>지옹띠 몰래 희수랑 1일♡', 'Austria', 0, 4, '2019-12-04 00:12:55'),
	(215, 'aaa', '최은지', '지용 영웅 중국 길거리 음식 뿌수기', '길거리 바퀴벌레 존맛탱\r<br>취두부 취향탐\r<br>메뚜기 겁나큼 ', 'China', 0, 5, '2019-12-04 00:11:08'),
	(216, 'aaa', '최은지', '희수 영웅 오스트리아 길거리 음식 뿌수기', '오스트리아 길거리 풍경 지림\r<br>음식 개쥬음\r<br>지옹띠 몰래 희수랑 1일♡', 'Austria', 0, 4, '2019-12-04 00:12:55'),
	(217, 'aaa', '최은지', '지용 영웅 중국 길거리 음식 뿌수기', '길거리 바퀴벌레 존맛탱\r<br>취두부 취향탐\r<br>메뚜기 겁나큼 ', 'China', 0, 5, '2019-12-04 00:11:08'),
	(218, 'aaa', '최은지', '희수 영웅 오스트리아 길거리 음식 뿌수기', '오스트리아 길거리 풍경 지림\r<br>음식 개쥬음\r<br>지옹띠 몰래 희수랑 1일♡', 'Austria', 1, 4, '2019-12-04 00:12:55'),
	(219, 'aaa', '최은지', '지용 영웅 중국 길거리 음식 뿌수기', '길거리 바퀴벌레 존맛탱\r<br>취두부 취향탐\r<br>메뚜기 겁나큼 ', 'China', 0, 5, '2019-12-04 00:11:08'),
	(220, 'aaa', '최은지', '희수 영웅 오스트리아 길거리 음식 뿌수기', '오스트리아 길거리 풍경 지림\r<br>음식 개쥬음\r<br>지옹띠 몰래 희수랑 1일♡', 'Austria', 0, 4, '2019-12-04 00:12:55'),
	(221, 'aaa', '최은지', '지용 영웅 중국 길거리 음식 뿌수기', '길거리 바퀴벌레 존맛탱\r<br>취두부 취향탐\r<br>메뚜기 겁나큼 ', 'China', 0, 5, '2019-12-04 00:11:08'),
	(222, 'aaa', '최은지', '희수 영웅 오스트리아 길거리 음식 뿌수기', '오스트리아 길거리 풍경 지림\r<br>음식 개쥬음\r<br>지옹띠 몰래 희수랑 1일♡', 'Austria', 0, 4, '2019-12-04 00:12:55'),
	(223, 'aaa', '최은지', '지용 영웅 중국 길거리 음식 뿌수기', '길거리 바퀴벌레 존맛탱\r<br>취두부 취향탐\r<br>메뚜기 겁나큼 ', 'China', 0, 5, '2019-12-04 00:11:08'),
	(224, 'aaa', '최은지', '희수 영웅 오스트리아 길거리 음식 뿌수기', '오스트리아 길거리 풍경 지림\r<br>음식 개쥬음\r<br>지옹띠 몰래 희수랑 1일♡', 'Austria', 1, 4, '2019-12-04 00:12:55'),
	(225, 'aaa', '최은지', '지용 영웅 중국 길거리 음식 뿌수기', '길거리 바퀴벌레 존맛탱\r<br>취두부 취향탐\r<br>메뚜기 겁나큼 ', 'China', 0, 5, '2019-12-04 00:11:08'),
	(226, 'aaa', '최은지', '희수 영웅 오스트리아 길거리 음식 뿌수기', '오스트리아 길거리 풍경 지림\r<br>음식 개쥬음\r<br>지옹띠 몰래 희수랑 1일♡', 'Austria', 0, 4, '2019-12-04 00:12:55'),
	(227, 'aaa', '최은지', '지용 영웅 중국 길거리 음식 뿌수기', '길거리 바퀴벌레 존맛탱\r<br>취두부 취향탐\r<br>메뚜기 겁나큼 ', 'China', 0, 5, '2019-12-04 00:11:08'),
	(228, 'aaa', '최은지', '희수 영웅 오스트리아 길거리 음식 뿌수기', '오스트리아 길거리 풍경 지림\r<br>음식 개쥬음\r<br>지옹띠 몰래 희수랑 1일♡', 'Austria', 0, 4, '2019-12-04 00:12:55'),
	(229, 'aaa', '최은지', '지용 영웅 중국 길거리 음식 뿌수기', '길거리 바퀴벌레 존맛탱\r<br>취두부 취향탐\r<br>메뚜기 겁나큼 ', 'China', 0, 5, '2019-12-04 00:11:08'),
	(230, 'aaa', '최은지', '희수 영웅 오스트리아 길거리 음식 뿌수기', '오스트리아 길거리 풍경 지림\r<br>음식 개쥬음\r<br>지옹띠 몰래 희수랑 1일♡', 'Austria', 0, 4, '2019-12-04 00:12:55'),
	(231, 'aaa', '최은지', '지용 영웅 중국 길거리 음식 뿌수기', '길거리 바퀴벌레 존맛탱\r<br>취두부 취향탐\r<br>메뚜기 겁나큼 ', 'China', 0, 5, '2019-12-04 00:11:08'),
	(232, 'aaa', '최은지', '희수 영웅 오스트리아 길거리 음식 뿌수기', '오스트리아 길거리 풍경 지림\r<br>음식 개쥬음\r<br>지옹띠 몰래 희수랑 1일♡', 'Austria', 0, 4, '2019-12-04 00:12:55'),
	(233, 'aaa', '최은지', '지용 영웅 중국 길거리 음식 뿌수기', '길거리 바퀴벌레 존맛탱\r<br>취두부 취향탐\r<br>메뚜기 겁나큼 ', 'China', 0, 5, '2019-12-04 00:11:08'),
	(234, 'aaa', '최은지', '희수 영웅 오스트리아 길거리 음식 뿌수기', '오스트리아 길거리 풍경 지림\r<br>음식 개쥬음\r<br>지옹띠 몰래 희수랑 1일♡', 'Austria', 0, 4, '2019-12-04 00:12:55'),
	(235, 'aaa', '최은지', '지용 영웅 중국 길거리 음식 뿌수기', '길거리 바퀴벌레 존맛탱\r<br>취두부 취향탐\r<br>메뚜기 겁나큼 ', 'China', 0, 5, '2019-12-04 00:11:08'),
	(236, 'aaa', '최은지', '희수 영웅 오스트리아 길거리 음식 뿌수기', '오스트리아 길거리 풍경 지림\r<br>음식 개쥬음\r<br>지옹띠 몰래 희수랑 1일♡', 'Austria', 0, 4, '2019-12-04 00:12:55'),
	(237, 'aaa', '최은지', '지용 영웅 중국 길거리 음식 뿌수기', '길거리 바퀴벌레 존맛탱\r<br>취두부 취향탐\r<br>메뚜기 겁나큼 ', 'China', 0, 5, '2019-12-04 00:11:08'),
	(238, 'aaa', '최은지', '희수 영웅 오스트리아 길거리 음식 뿌수기', '오스트리아 길거리 풍경 지림\r<br>음식 개쥬음\r<br>지옹띠 몰래 희수랑 1일♡', 'Austria', 0, 4, '2019-12-04 00:12:55'),
	(239, 'aaa', '최은지', '지용 영웅 중국 길거리 음식 뿌수기', '길거리 바퀴벌레 존맛탱\r<br>취두부 취향탐\r<br>메뚜기 겁나큼 ', 'China', 0, 5, '2019-12-04 00:11:08'),
	(240, 'aaa', '최은지', '희수 영웅 오스트리아 길거리 음식 뿌수기', '오스트리아 길거리 풍경 지림\r<br>음식 개쥬음\r<br>지옹띠 몰래 희수랑 1일♡', 'Austria', 0, 4, '2019-12-04 00:12:55'),
	(241, 'aaa', '최은지', '지용 영웅 중국 길거리 음식 뿌수기', '길거리 바퀴벌레 존맛탱\r<br>취두부 취향탐\r<br>메뚜기 겁나큼 ', 'China', 2, 5, '2019-12-04 00:11:08'),
	(242, 'aaa', '최은지', '희수 영웅 오스트리아 길거리 음식 뿌수기', '오스트리아 길거리 풍경 지림\r<br>음식 개쥬음\r<br>지옹띠 몰래 희수랑 1일♡', 'Austria', 1, 4, '2019-12-04 00:12:55'),
	(243, 'aaa', '최은지', '지용 영웅 중국 길거리 음식 뿌수기', '길거리 바퀴벌레 존맛탱\r<br>취두부 취향탐\r<br>메뚜기 겁나큼 ', 'China', 0, 5, '2019-12-04 00:11:08'),
	(244, 'aaa', '최은지', '희수 영웅 오스트리아 길거리 음식 뿌수기', '오스트리아 길거리 풍경 지림\r<br>음식 개쥬음\r<br>지옹띠 몰래 희수랑 1일♡', 'Austria', 0, 4, '2019-12-04 00:12:55'),
	(245, 'aaa', '최은지', '지용 영웅 중국 길거리 음식 뿌수기', '길거리 바퀴벌레 존맛탱\r<br>취두부 취향탐\r<br>메뚜기 겁나큼 ', 'China', 0, 5, '2019-12-04 00:11:08'),
	(246, 'aaa', '최은지', '희수 영웅 오스트리아 길거리 음식 뿌수기', '오스트리아 길거리 풍경 지림\r<br>음식 개쥬음\r<br>지옹띠 몰래 희수랑 1일♡', 'Austria', 0, 4, '2019-12-04 00:12:55'),
	(247, 'aaa', '최은지', '지용 영웅 중국 길거리 음식 뿌수기', '길거리 바퀴벌레 존맛탱\r<br>취두부 취향탐\r<br>메뚜기 겁나큼 ', 'China', 0, 5, '2019-12-04 00:11:08'),
	(248, 'aaa', '최은지', '희수 영웅 오스트리아 길거리 음식 뿌수기', '오스트리아 길거리 풍경 지림\r<br>음식 개쥬음\r<br>지옹띠 몰래 희수랑 1일♡', 'Austria', 0, 4, '2019-12-04 00:12:55'),
	(249, 'aaa', '최은지', '지용 영웅 중국 길거리 음식 뿌수기', '길거리 바퀴벌레 존맛탱\r<br>취두부 취향탐\r<br>메뚜기 겁나큼 ', 'China', 0, 5, '2019-12-04 00:11:08'),
	(250, 'aaa', '최은지', '희수 영웅 오스트리아 길거리 음식 뿌수기', '오스트리아 길거리 풍경 지림\r<br>음식 개쥬음\r<br>지옹띠 몰래 희수랑 1일♡', 'Austria', 1, 4, '2019-12-04 00:12:55'),
	(251, 'aaa', '최은지', '지용 영웅 중국 길거리 음식 뿌수기', '길거리 바퀴벌레 존맛탱\r<br>취두부 취향탐\r<br>메뚜기 겁나큼 !!', 'China', 1, 5, '2019-12-04 04:16:48'),
	(252, 'aaa', '최은지', '희수 영웅 오스트리아 길거리 음식 뿌수기', '오스트리아 길거리 풍경 지림\r<br>음식 개쥬음\r<br>지옹띠 몰래 희수랑 1일♡', 'Austria', 0, 4, '2019-12-04 00:12:55');
/*!40000 ALTER TABLE `review` ENABLE KEYS */;

-- 테이블 happytravel.user 구조 내보내기
CREATE TABLE IF NOT EXISTS `user` (
  `user_id` varchar(50) COLLATE utf8_bin NOT NULL,
  `user_pw` mediumtext COLLATE utf8_bin DEFAULT NULL,
  `user_name` varchar(50) COLLATE utf8_bin DEFAULT NULL,
  `user_email` varchar(50) COLLATE utf8_bin DEFAULT NULL,
  `user_country` varchar(50) COLLATE utf8_bin DEFAULT NULL,
  `user_birth` varchar(50) COLLATE utf8_bin DEFAULT NULL,
  PRIMARY KEY (`user_id`)
) ENGINE=InnoDB DEFAULT CHARSET=utf8 COLLATE=utf8_bin;

-- 테이블 데이터 happytravel.user:~3 rows (대략적) 내보내기
DELETE FROM `user`;
/*!40000 ALTER TABLE `user` DISABLE KEYS */;
INSERT INTO `user` (`user_id`, `user_pw`, `user_name`, `user_email`, `user_country`, `user_birth`) VALUES
	('aaa', '10fb8efcb051f1cee28aafea46187f7b8ed7c4202c2452d4fee294e9de0e1b7c', '최은지', 'xodnwong@naver.com', 'Gambia', '1998'),
	('root', '10fb8efcb051f1cee28aafea46187f7b8ed7c4202c2452d4fee294e9de0e1b7c', '관리자', 'root@naver.com', 'South Korea', '1995'),
	('xodnwong74', '853cf63ef8856451e02206009bad4b5bcce8c5718913dd2d7b031609fc92aafe', '김영웅', 'xodnwong74@naver.com', 'South Korea', '1995'),
	('xodnwoog74', '63f1cfea3b449f0cbbb1fa7e01b74fb8676d51bc76bf1df46d581c03f88d17fa', '김영웅', 'xodnwong74@naver.com', 'New Zealand', '1996');
/*!40000 ALTER TABLE `user` ENABLE KEYS */;

/*!40101 SET SQL_MODE=IFNULL(@OLD_SQL_MODE, '') */;
/*!40014 SET FOREIGN_KEY_CHECKS=IF(@OLD_FOREIGN_KEY_CHECKS IS NULL, 1, @OLD_FOREIGN_KEY_CHECKS) */;
/*!40101 SET CHARACTER_SET_CLIENT=@OLD_CHARACTER_SET_CLIENT */;
